drug,rank_perf_A,rank_perf_B,rank_ACEVEDO_LIVER_TUMOR_VS_NORMAL_ADJACENT_TISSUE_A,rank_ACEVEDO_LIVER_TUMOR_VS_NORMAL_ADJACENT_TISSUE_B,rank_RODRIGUES_THYROID_CARCINOMA_ANAPLASTIC_A,rank_RODRIGUES_THYROID_CARCINOMA_ANAPLASTIC_B,rank_CASORELLI_ACUTE_PROMYELOCYTIC_LEUKEMIA_A,rank_CASORELLI_ACUTE_PROMYELOCYTIC_LEUKEMIA_B,rank_HALLMARK_EPITHELIAL_MESENCHYMAL_TRANSITION_raw_A,rank_HALLMARK_EPITHELIAL_MESENCHYMAL_TRANSITION_raw_B,rank_HALLMARK_EPITHELIAL_MESENCHYMAL_TRANSITION_zrow_A,rank_HALLMARK_EPITHELIAL_MESENCHYMAL_TRANSITION_zrow_B,rank_HALLMARK_MYC_TARGETS_V1_raw_A,rank_HALLMARK_MYC_TARGETS_V1_raw_B,rank_HALLMARK_MYC_TARGETS_V1_zrow_A,rank_HALLMARK_MYC_TARGETS_V1_zrow_B,rank_HALLMARK_HYPOXIA_raw_A,rank_HALLMARK_HYPOXIA_raw_B,rank_HALLMARK_HYPOXIA_zrow_A,rank_HALLMARK_HYPOXIA_zrow_B
BRD-K88378636,1,7,4,27,235,1368,1382,1362,184,854,81,979,41,675,19,936,1215,1294,1258,1377
BRD-K04548931,2,14,5,606,3,37,1229,246,1371,1356,1223,1373,4,299,4,265,15,595,232,625
BRD-K77681376,3,12,3,11,1,10,1340,664,1398,1395,1381,1394,7,958,14,899,1351,1368,1238,1356
BRD-K03067624,4,2,64,226,1392,1361,1369,1229,4,160,21,80,27,243,93,246,597,382,816,210
BRD-K69097969,5,1,10,7,1109,1266,1399,1398,1399,1397,1399,1397,36,18,40,20,1399,1399,1399,1399
BRD-K06543683,6,13,8,544,2,18,1338,805,1067,1357,811,1352,1,128,3,160,3,1196,135,1185
BRD-A08003242,7,5,29,5,924,1319,1390,1395,926,1185,882,1233,16,5,6,5,1392,1395,1391,1396
BRD-A41250203,8,10,61,685,983,1377,1398,1308,343,603,596,583,14,1315,25,1297,1346,1272,1316,1266
BRD-A69592287,9,136,9,602,9,1035,1392,1342,127,605,73,389,20,506,1,551,116,960,75,1082
BRD-K50691590,10,4,7,222,498,1334,1386,1319,117,937,452,1356,3,805,13,1151,1364,1249,1310,1384
BRD-A43155244,11,16,184,910,992,1359,1394,1330,36,314,105,368,58,1390,131,1383,1349,1308,1322,1310
BRD-K23478508,12,25,22,54,1250,730,1383,1353,78,1178,487,1276,40,247,111,223,967,1264,1123,1309
BRD-A40431293,13,8,658,1265,1397,1398,1391,1373,1084,388,851,441,75,918,203,830,1386,1383,1370,1373
BRD-K42978307,14,788,927,354,1005,462,44,442,852,765,937,863,1217,664,1314,568,1096,1091,1208,1093
BRD-K81418486,15,3,245,605,19,32,1371,1339,35,320,190,253,25,36,27,17,1363,1251,1335,1320
BRD-A83124583,16,6,41,117,1360,1399,1384,1393,1095,1122,1019,1077,186,309,180,380,1389,1393,1389,1390
BRD-K14027855,17,18,11,98,100,1213,1396,1391,1397,1392,1392,1395,23,28,7,24,1398,1398,1398,1398
BRD-K41431477,18,19,408,1373,1272,1365,1393,1381,391,585,1268,895,10,125,28,130,1390,1376,1383,1379
BRD-K44732214,19,22,169,237,1184,1145,1389,1399,1004,444,928,372,537,592,466,455,1305,1278,1284,1282
BRD-K05153001,20,11,97,114,640,1362,1381,1397,1318,1328,1251,1335,37,11,20,8,1395,1397,1395,1397
BRD-K03829970,21,21,69,429,12,51,1364,1158,1375,1119,1295,1066,17,76,23,54,1318,1334,1193,1318
BRD-A76490030,22,24,14,183,256,1187,1378,1277,22,450,53,565,12,118,12,88,1383,1386,1359,1388
BRD-K19220233,23,64,6,249,4,150,1198,153,983,1307,1060,1362,30,298,17,524,118,1173,154,1136
BRD-K10361096,24,66,841,1205,18,303,1130,270,372,349,170,187,405,472,290,672,1234,821,1318,856
BRD-K35468722,25,38,13,93,101,808,1360,1119,909,497,1138,698,69,105,22,28,1376,1291,1386,1363
BRD-K97365803,26,37,76,77,6,5,1379,1358,31,1010,49,1030,11,1,2,1,16,1155,101,1207
BRD-A49848186,27,15,216,85,1379,1396,1327,1387,1360,1241,1314,1238,962,322,967,377,1391,1391,1387,1391
BRD-K26756156,28,35,94,43,516,1303,1334,1187,776,809,816,745,209,338,243,358,1326,1361,1349,1358
BRD-K88707333,29,9,348,842,639,768,1258,712,1268,190,1250,189,102,800,63,816,1360,1163,1362,1157
BRD-K65955264,30,34,121,47,1247,280,1387,1394,1324,1340,1300,1357,203,37,161,37,1339,1388,1339,1387
BRD-K19554809,31,36,697,377,770,487,495,949,486,685,476,774,739,292,702,245,828,1157,940,1237
BRD-K76840893,32,26,50,166,75,231,1350,1217,236,1038,322,1123,19,4,9,4,1366,1382,1347,1380
BRD-A68045637,33,198,32,241,95,1271,1375,1376,348,1353,371,1361,52,193,54,162,946,1358,1287,1353
BRD-K75081836,34,28,734,622,26,138,1325,1197,458,893,575,841,35,10,47,15,1373,1326,1344,1321
BRD-K16533489,35,17,16,21,1374,1372,1395,1396,1328,1380,1371,1384,380,109,352,122,1393,1392,1394,1392
BRD-K18163752,36,29,708,588,1350,1363,1324,1368,1105,928,1107,930,849,634,654,560,1381,1381,1373,1374
BRD-A39646320,37,20,570,886,24,72,1278,855,3,62,9,71,34,214,77,187,1308,1033,1263,1053
BRD-A93964801,38,369,718,1219,434,1236,337,267,641,649,386,410,750,641,732,896,526,822,294,838
BRD-K09854848,39,33,117,355,631,1119,1385,1337,493,925,549,935,73,1364,166,1369,1347,1355,1314,1347
BRD-A99571536,40,41,1059,1319,934,1330,1200,702,27,130,13,99,307,992,310,994,20,591,44,604
BRD-K74176882,41,222,431,1312,107,1327,757,206,682,658,605,607,384,1000,134,1261,891,813,917,785
BRD-K46503544,42,40,52,466,11,25,1362,1350,330,682,688,968,21,3,11,2,483,1060,785,1170
BRD-K51967704,43,65,43,529,64,651,1343,519,11,341,12,165,18,538,18,384,10,460,47,356
BRD-K13642330,44,217,125,869,132,908,1289,93,37,853,17,791,79,733,52,805,7,54,3,29
BRD-A25088322,45,30,1045,1302,1384,1393,1156,1181,957,287,1004,361,1006,1131,1144,1117,1361,1353,1369,1345
BRD-K23192422,46,126,49,845,16,227,1124,79,2,209,1,249,13,1062,26,927,1,12,1,12
BRD-K55116708,47,53,96,294,175,1056,1354,862,1374,1352,1398,1396,258,385,110,293,1372,1351,1392,1382
BRD-K40255344,48,32,568,525,1391,1380,1356,1374,121,473,402,666,436,361,399,310,1354,1349,1357,1355
BRD-K61718261,49,27,660,667,911,1324,622,63,684,463,612,475,722,971,675,1029,505,525,510,443
BRD-A64290322,50,46,188,570,142,1089,1361,1249,1111,1251,1096,1249,46,80,32,52,1294,1375,1257,1369
BRD-K32290015,51,392,126,1117,177,850,1358,782,923,1121,440,1086,8,615,24,585,52,1148,368,1130
BRD-A04308630,52,80,1315,1176,1197,1225,995,953,1178,819,1219,817,766,1019,1045,984,582,912,672,884
BRD-K46205969,53,183,747,479,264,33,1331,1386,108,755,122,688,31,13,97,14,556,1384,642,1378
BRD-A81282034,54,59,1095,801,1225,1311,1060,1331,415,82,381,91,1000,946,1075,966,1311,1232,1309,1222
BRD-K36198571,55,48,106,275,285,740,1366,1344,1176,884,1255,996,98,58,56,39,1394,1390,1396,1394
BRD-K26767475,56,45,422,110,1202,1322,893,1068,448,786,490,829,718,1230,714,1277,86,293,113,208
BRD-K42489623,57,23,285,964,354,1378,1197,799,335,243,404,240,285,725,193,679,1239,1280,1249,1285
BRD-A36275421,58,55,1,35,72,374,1397,1369,6,1065,159,1018,2,207,8,215,1396,1396,1381,1395
BRD-K82236179,59,437,818,944,348,1098,498,212,749,575,653,327,769,590,529,746,617,742,306,506
BRD-K37456065,60,63,1069,91,1398,1317,897,1174,1387,1258,1387,1237,1345,1004,1303,1039,1355,1344,1361,1332
BRD-A12832192,61,1161,1278,1363,756,49,22,1060,839,368,413,284,1379,1157,1351,1244,1008,49,799,37
BRD-K15519488,62,142,65,491,106,942,1329,1045,1,626,6,678,6,367,21,347,2,102,8,99
BRD-K86003836,63,31,1007,69,1394,1340,1108,1383,1392,1318,1395,1330,981,71,992,92,1345,1364,1353,1361
BRD-K14920963,64,68,2,12,7,22,1202,1147,261,273,475,245,15,15,5,11,40,309,128,263
BRD-K58772419,65,327,185,462,20,16,1290,1316,178,732,71,719,214,208,70,148,107,274,18,101
BRD-K40645748,66,58,257,533,359,609,1030,1011,913,896,1059,974,199,82,169,101,1323,1284,1346,1311
BRD-A55594068,67,44,526,520,1371,1391,1352,1365,1272,1327,1284,1336,138,519,160,424,1316,1371,1300,1364
BRD-K90697689,68,1224,411,1065,433,1293,721,160,757,827,726,882,638,1262,462,1327,981,950,1130,1117
BRD-K67236950,69,73,172,734,238,1255,1152,946,45,511,16,495,94,271,41,228,45,532,23,391
BRD-K70161581,70,106,199,795,461,727,1247,872,1301,1206,1285,1212,233,603,228,664,1397,1394,1397,1393
BRD-K04710043,71,479,423,788,150,1033,1012,244,1139,1236,1294,1257,43,584,489,644,911,1034,925,990
BRD-K10207760,72,49,500,151,621,549,1158,1160,432,1198,583,1245,173,12,150,16,1369,1363,1372,1365
BRD-K35133769,73,374,186,576,66,816,1196,279,310,125,248,106,82,904,98,792,29,95,40,91
BRD-K14939371,74,69,460,197,205,132,669,201,56,50,25,42,281,116,199,108,178,110,137,70
BRD-K47631482,75,229,430,548,749,1091,1204,1064,731,694,663,674,604,1254,379,1247,741,837,609,879
BRD-K02562327,76,51,111,653,350,666,1367,1340,1209,1303,1317,1348,74,173,42,135,1365,1372,1375,1376
BRD-K86027709,77,42,412,765,509,891,1248,791,1334,1099,1351,1153,187,250,129,264,1374,1366,1374,1366
BRD-A55424491,78,77,98,214,37,60,1353,1159,615,1068,725,1294,278,320,106,199,1128,1199,1241,1324
BRD-K60160658,79,1117,1094,852,763,1013,501,1290,1007,740,1038,669,1028,517,1119,604,888,690,729,440
BRD-A09984573,80,107,1259,1115,1068,677,179,159,887,98,843,97,1333,978,1264,947,1293,1168,1279,1159
BRD-K04682465,81,99,1311,1399,1228,1228,1159,1233,1346,718,1323,705,221,600,470,571,822,1103,833,1150
BRD-K88622704,82,75,162,418,35,53,1212,1008,147,23,56,15,191,191,84,159,890,665,847,647
BRD-K04170657,83,230,1393,952,1386,427,17,80,1321,766,1347,748,1398,1386,1392,1386,1289,717,1308,600
BRD-K96147838,84,117,71,565,98,856,1311,758,657,1053,701,1055,84,746,36,707,442,426,503,530
BRD-K46062088,85,70,224,564,520,881,1221,1260,229,801,109,723,379,836,265,810,1029,973,975,1019
BRD-K90163207,86,881,99,341,412,1112,1110,550,993,684,975,670,494,548,299,652,575,879,352,655
BRD-K20075662,87,564,1041,1274,1243,623,579,387,1070,165,1122,127,1252,451,1151,431,687,192,264,78
BRD-K93623501,88,96,886,904,301,466,1116,405,741,436,657,377,521,180,378,196,353,358,292,320
BRD-K74133369,89,57,314,390,1058,1100,1370,1367,1137,768,1144,776,648,780,487,695,1292,1328,1325,1330
BRD-A78942461,90,743,234,971,146,1044,1083,113,863,991,861,990,112,339,143,320,224,205,262,209
BRD-K88868628,91,43,44,994,532,1226,1363,1378,1331,1159,1333,1162,167,1142,173,1100,1385,1387,1382,1383
BRD-K12906962,92,47,151,99,31,44,1344,1287,350,986,415,1002,59,2,29,3,1161,1216,1196,1252
BRD-A24396574,93,52,17,233,579,1314,1377,1379,336,1015,272,1256,166,507,38,462,965,1256,1152,1368
BRD-K70507123,94,1049,942,1222,577,618,600,1083,990,796,872,494,885,658,897,928,988,803,911,573
BRD-K88647644,95,102,552,658,1266,1302,1019,1128,50,8,45,9,348,316,348,327,126,876,219,878
BRD-K55341911,96,656,1359,1144,1353,937,54,117,1082,395,1178,391,1340,1086,1388,1290,885,425,919,394
BRD-K41924482,97,123,1287,1122,1322,1326,675,839,290,971,436,943,720,1109,991,1067,150,279,336,289
BRD-K09638361,98,81,866,926,1332,1316,907,1041,1163,1137,1171,1143,1004,1220,779,1193,1246,1297,1203,1273
BRD-A98777808,99,155,223,419,462,959,798,983,67,953,165,894,105,152,138,191,67,939,227,893
BRD-K25098415,100,298,438,996,594,813,735,52,1261,1036,1328,1094,506,813,418,963,641,911,544,834
BRD-K31999759,101,202,284,838,164,407,1232,825,512,540,307,535,418,230,107,74,1130,1092,1230,1240
BRD-K24051260,102,127,427,209,1045,1304,1170,1131,985,1193,983,1232,498,431,447,385,958,1324,1003,1336
BRD-A80574334,103,152,1072,982,1121,778,638,1028,101,984,224,916,547,1094,697,1017,71,445,127,459
BRD-A07932845,104,133,1191,938,707,1070,952,1126,616,1230,670,1240,503,31,427,43,1201,1330,1260,1322
BRD-K93080877,105,85,594,524,1119,1358,969,1355,652,917,523,982,825,864,704,878,943,1279,840,1292
BRD-K29381365,106,240,610,1212,318,1068,1142,75,535,524,729,568,255,1249,248,1220,557,863,767,946
BRD-K33425534,107,132,107,1163,93,382,1188,323,541,820,533,835,125,227,43,203,402,650,136,310
BRD-A81772229,108,129,20,70,10,19,1372,1264,1094,750,1113,736,39,6,10,6,1301,1191,1305,1223
BRD-K48654774,109,87,755,187,650,79,1269,1359,1341,1308,1338,1321,968,113,871,98,1379,1204,1377,1276
BRD-K23980805,110,390,798,1335,626,1345,1045,107,463,1049,469,1075,329,1089,198,1287,111,99,27,16
BRD-K91134378,111,114,639,1008,490,1208,1008,411,600,652,766,743,473,258,405,224,1027,531,1137,673
BRD-A52193669,112,60,25,84,432,1122,1318,1255,12,963,77,980,66,1175,184,1171,840,1362,1181,1367
BRD-K28120222,113,39,1293,1043,1396,1338,533,1152,1128,555,1010,543,1223,1198,1170,1135,1334,1306,1333,1296
BRD-K07995125,114,95,938,1277,144,180,1283,1177,637,952,767,1062,303,163,324,143,607,307,832,417
BRD-K80822897,115,61,108,137,644,958,742,835,1305,1336,1299,1320,453,619,612,596,1337,1315,1351,1298
BRD-K66634822,116,488,100,414,85,608,1201,784,1131,643,1135,701,367,738,155,686,722,583,467,401
BRD-K62683350,117,438,909,514,1092,622,273,631,469,83,458,89,1268,1169,1259,1136,990,151,878,149
BRD-K61127831,118,309,406,534,104,121,681,810,157,340,158,321,145,132,101,128,99,1017,169,999
BRD-K25433859,119,391,242,297,70,265,1099,524,638,588,589,320,178,63,48,51,795,1029,820,1102
BRD-K88965984,120,1013,1051,1106,163,854,302,742,587,366,377,447,980,1195,890,1332,778,350,648,234
BRD-K17119186,121,111,148,147,39,273,1242,596,399,522,520,725,162,54,44,23,896,1258,1094,1319
BRD-K24281017,122,459,1065,1249,1028,1273,308,169,619,197,485,135,459,1125,865,1144,692,413,741,272
BRD-K67352070,123,446,655,1298,239,875,1143,478,501,275,609,291,201,1127,181,1153,73,143,57,166
BRD-A75769826,124,377,339,766,241,284,861,584,908,880,592,831,562,283,350,204,983,769,881,610
BRD-K64835161,125,503,1258,879,1240,308,341,856,903,551,927,516,1280,563,1374,717,803,497,563,409
BRD-K62858456,126,357,623,636,525,506,350,629,1014,797,982,921,788,728,891,1074,1149,846,946,816
BRD-A64610707,127,274,546,1257,191,362,1141,1312,821,572,325,397,49,755,210,992,1196,693,1012,666
BRD-K95808480,128,154,88,331,23,94,1209,585,1336,1078,1235,1046,38,435,136,435,1138,1137,1111,1153
BRD-A60386802,129,316,794,410,735,195,363,897,1332,781,1304,788,1216,424,1114,393,1335,956,1330,937
BRD-K92202821,130,116,47,67,17,154,1299,1143,446,1247,482,1263,88,43,45,29,752,1024,856,1074
BRD-K03641750,131,1363,1238,933,1335,1065,16,8,902,660,895,427,1052,981,1274,1395,763,773,383,396
BRD-K23027438,132,362,1325,1042,1313,1123,449,569,640,787,660,853,1153,1059,1195,1064,1106,1224,1297,1275
BRD-K84895041,133,67,836,961,1065,842,1270,1238,1326,1104,1360,1121,940,305,956,213,1384,1380,1393,1381
BRD-K03222452,134,430,233,951,125,1095,1177,77,270,531,347,782,165,1075,122,1187,258,573,224,582
BRD-K65146499,135,239,297,210,478,486,543,573,695,391,686,362,1001,1054,996,882,665,356,555,304
BRD-K22052171,136,225,15,229,38,57,1237,605,514,747,595,767,93,212,55,260,1191,1311,1259,1317
BRD-K32311154,137,287,1035,344,1172,981,34,436,251,64,332,44,1106,1045,1330,1068,196,718,401,583
BRD-K97955841,138,1045,59,51,349,1179,1149,190,322,132,302,159,62,552,75,579,214,732,296,696
BRD-K78485176,139,675,761,1218,627,940,983,754,377,389,454,443,597,793,637,1107,443,721,407,796
BRD-A68274214,140,256,945,500,1081,1085,322,673,571,441,443,454,970,929,913,945,405,745,325,753
BRD-K16541732,141,74,418,601,499,931,1373,1375,813,1265,1063,1274,127,30,95,38,999,1201,1129,1197
BRD-K58479490,142,84,283,20,1389,1357,833,977,1293,1257,1388,1389,783,229,620,57,1340,1347,1390,1385
BRD-A67981824,143,215,231,459,480,693,1062,1194,386,988,370,971,274,557,261,567,105,576,117,623
BRD-K10937407,144,462,82,351,53,222,1368,1080,39,411,121,469,24,149,39,170,408,1322,852,1303
BRD-K63325940,145,513,31,489,43,467,1321,1265,42,374,18,219,54,78,15,56,94,804,142,831
BRD-K12002134,146,130,857,976,334,87,817,919,612,927,607,985,999,627,852,461,500,651,556,760
BRD-A92630576,147,1306,444,1270,103,675,1087,385,642,629,500,553,450,911,211,1112,199,530,14,152
BRD-K47303556,148,223,175,1318,80,452,1341,1322,77,1023,52,898,136,681,74,696,88,303,100,381
BRD-K05236810,149,790,511,877,187,903,518,129,1021,742,1206,732,719,870,564,1294,883,1123,934,1323
BRD-K38643780,150,347,158,343,585,1002,869,184,1188,712,1283,735,832,878,744,847,1090,781,1122,802
BRD-K58421169,151,525,212,158,170,256,1227,1274,1157,1105,1273,1196,438,421,445,423,1216,1190,1206,1263
BRD-K63587518,152,659,118,871,112,330,1265,680,152,247,114,247,117,880,73,857,38,371,26,374
BRD-K81144366,153,1127,1307,1104,1124,1177,279,353,586,459,342,161,1117,898,1285,1283,419,509,74,92
BRD-K13032584,154,1173,625,794,698,1234,374,91,714,510,650,307,807,1124,908,1296,460,919,389,820
BRD-K77480336,155,86,358,111,391,262,1297,1390,850,405,741,379,676,199,661,157,1315,1186,1293,1214
BRD-K15600521,156,139,89,321,315,46,922,180,1266,1298,1183,1268,217,337,137,297,1296,1292,1269,1287
BRD-K57432881,157,856,666,1141,314,433,123,24,775,385,880,171,948,1180,998,1378,626,593,398,652
BRD-K21672174,158,62,247,882,1033,1290,1254,929,487,387,308,387,115,916,301,956,1091,901,944,859
BRD-A52172093,159,549,282,704,677,684,393,263,254,484,183,525,792,508,880,544,212,572,282,715
BRD-K28746839,160,636,368,591,989,1352,909,522,171,96,273,124,306,393,475,387,601,172,717,230
BRD-K34820100,161,851,246,814,466,646,707,128,59,430,61,483,119,964,182,1060,62,634,84,561
BRD-A77704559,162,483,981,907,649,837,56,132,367,878,566,848,1070,1288,1169,1284,392,317,414,317
BRD-K51816706,163,265,195,325,296,673,1351,1148,201,445,280,399,120,530,114,547,627,1222,758,1195
BRD-A09349126,164,120,1244,650,661,421,259,827,1238,1032,1271,781,1129,327,1275,623,1213,1296,1312,1326
BRD-K94694331,165,172,327,853,1298,1337,1125,510,109,641,46,570,182,1312,112,1279,325,480,214,560
BRD-K80431395,166,76,529,123,89,86,1376,1392,1320,1139,1322,1298,444,24,266,7,1331,1215,1334,1268
BRD-K96809896,167,220,299,604,129,196,1178,1218,433,455,334,412,474,604,390,587,667,1021,587,1027
BRD-A43849199,168,177,978,1113,1029,1155,1140,310,737,556,608,398,616,925,371,900,399,258,322,191
BRD-K39232234,169,295,1383,370,1390,804,11,431,1026,842,1021,739,1383,816,1389,824,1230,1275,1248,1210
BRD-K78599730,170,56,465,1194,746,952,1359,832,18,338,119,360,91,855,206,822,1115,256,1072,334
BRD-K11577165,171,101,906,1390,357,731,1153,272,888,993,1012,978,622,701,717,655,1164,331,1051,312
BRD-K68906258,172,249,191,266,52,97,1181,766,830,390,864,275,361,88,126,25,1217,853,1317,914
BRD-A73908300,173,209,1263,1272,379,235,232,298,707,386,631,202,1185,763,1212,924,480,616,315,508
BRD-K53407305,174,569,196,824,317,590,1179,695,479,654,547,554,257,411,178,454,345,1154,276,1142
BRD-K46585355,175,372,784,60,1290,413,128,1115,294,992,217,562,943,65,887,55,1173,643,1149,419
BRD-K26684619,176,268,654,1128,381,665,107,20,507,569,277,465,717,1022,708,1320,329,287,110,52
BRD-K78930611,177,146,1030,1079,758,838,750,690,653,215,827,259,816,710,915,769,776,290,991,390
BRD-K95901403,178,410,241,948,580,951,1028,937,854,800,979,981,535,687,452,1030,1220,1177,1216,1188
BRD-K95337198,179,195,321,761,398,1029,1305,686,286,293,317,298,72,87,60,71,536,479,645,474
BRD-K03243820,180,122,164,19,140,130,1120,1124,1388,1286,1397,1383,802,40,590,9,1330,1102,1363,1219
BRD-K13566078,181,89,451,1032,877,888,1081,1139,1046,780,1104,865,803,1279,794,1384,1031,842,1008,836
BRD-K96740880,182,538,446,182,410,406,345,1078,189,115,226,125,992,1197,1162,1173,189,270,277,303
BRD-A71707563,183,119,534,943,843,642,332,100,1156,725,1145,855,572,758,508,799,922,495,893,513
BRD-K32821942,184,534,1236,1269,895,470,391,471,950,753,1030,908,1187,724,1035,851,773,543,752,448
BRD-K46805185,185,112,883,136,1064,910,414,973,340,493,40,363,1197,711,1316,908,909,932,782,926
BRD-K80676896,186,1000,681,596,822,859,921,187,1282,942,1240,922,442,1296,451,1225,519,184,562,247
BRD-K57016430,187,79,826,1127,750,807,406,26,661,835,634,854,1040,501,985,512,868,979,835,900
BRD-K35858371,188,197,166,947,352,982,674,359,420,559,365,513,219,363,109,366,283,493,244,504
BRD-K05737787,189,800,74,1067,28,112,953,126,581,1250,742,1308,60,403,46,359,64,758,107,745
BRD-K57309821,190,175,1279,1276,1177,1114,173,329,376,153,189,158,1377,1399,1349,1398,166,229,66,162
BRD-A54194844,191,158,867,664,216,172,1313,1190,842,1181,901,1226,174,443,168,419,1342,1373,1354,1375
BRD-K82971429,192,121,276,391,306,240,1147,1203,1033,941,1200,1028,447,72,338,65,1300,1125,1329,1173
BRD-A34309505,193,299,652,1211,449,945,434,239,1252,837,1265,896,789,474,969,856,878,438,686,186
BRD-K54316499,194,838,859,681,711,645,175,29,975,870,938,945,850,838,1067,881,296,118,257,120
BRD-A49581300,195,581,806,1241,943,834,1092,514,145,292,79,270,293,919,320,876,225,196,203,229
BRD-A39415247,196,407,507,631,192,726,998,906,755,746,998,993,375,748,358,1022,664,704,579,877
BRD-K39507792,197,770,904,87,985,333,315,429,745,1152,763,1100,1009,574,1028,566,969,972,979,975
BRD-K19729667,198,178,1212,1391,980,583,809,416,1172,956,991,1021,1076,449,846,539,1125,175,875,217
BRD-K72726508,199,196,109,178,147,272,1115,1098,188,141,147,148,263,172,207,176,426,410,411,473
BRD-K30443205,200,167,492,189,815,1198,619,618,944,907,1042,912,963,1301,1073,1338,910,602,960,654
BRD-A29485665,201,1116,371,624,529,639,64,101,1051,514,1000,538,1125,543,867,549,1151,884,1028,849
BRD-A66229260,202,553,1029,76,1347,701,342,778,1344,322,1391,415,1328,1274,1394,1274,1348,551,1380,608
BRD-K49333142,203,93,66,22,88,71,1144,1237,1225,1254,1253,1262,327,110,165,76,1310,1352,1343,1352
BRD-K81365078,204,219,1101,1057,811,1320,791,467,356,148,345,133,870,1284,982,1250,1076,607,1062,567
BRD-A05831822,205,304,405,614,208,722,810,172,523,618,409,523,270,596,197,632,60,282,25,274
BRD-K37477851,206,94,832,458,1183,1217,549,1048,1265,939,1297,923,753,120,607,102,1350,936,1365,1042
BRD-K60297835,207,54,1158,161,1295,1083,456,134,1393,1315,1396,1340,1318,1012,1290,990,1382,1379,1384,1372
BRD-K77106209,208,1123,248,558,1008,1347,852,111,252,487,306,682,109,879,105,723,102,165,208,248
BRD-A84189516,209,607,240,923,454,443,996,860,238,259,327,365,126,659,194,624,181,592,307,727
BRD-K88668992,210,235,1364,1213,1387,1166,103,847,1061,888,1110,827,1373,1345,1375,1351,1107,757,1159,781
BRD-K07403598,211,159,128,645,232,612,1003,346,459,1188,546,1184,78,245,103,249,647,1115,807,1128
BRD-K09299610,212,416,650,244,1262,864,957,1191,1173,1092,1204,1150,1021,398,855,376,1203,816,1240,899
BRD-K22449070,213,356,996,770,1111,1110,306,87,311,710,233,809,1102,607,1179,608,331,43,316,34
BRD-A41114263,214,563,1136,595,1284,455,6,507,1201,269,1153,312,1394,1160,1378,1140,1231,567,1194,609
BRD-A09495397,215,147,704,741,878,600,594,558,281,267,206,282,892,1136,749,1111,306,176,288,190
BRD-K04414442,216,162,561,1049,709,894,856,661,169,404,542,450,158,413,391,408,314,320,745,384
BRD-K04111260,217,1148,616,903,505,780,635,438,406,901,550,727,561,752,606,1033,278,924,304,805
BRD-K06555716,218,544,931,613,652,90,238,373,477,978,467,1008,990,804,984,725,267,69,246,65
BRD-K42624714,219,115,281,1180,1100,758,1388,1372,1174,1354,1097,1366,65,42,69,36,1388,1389,1385,1389
BRD-K55034111,220,874,758,804,713,444,247,649,548,985,461,834,1081,1280,1050,1195,220,503,185,507
BRD-K52689785,221,911,1131,808,896,1004,704,1268,495,1228,493,1200,1177,308,1049,323,1048,1274,984,1244
BRD-K91960538,222,572,1102,1349,1135,1376,417,1007,451,631,176,588,1191,1351,1328,1379,586,644,402,665
BRD-K35960502,223,72,60,236,1182,1346,1380,1360,1292,1171,1186,1222,56,178,96,141,1387,1359,1379,1359
BRD-K63770300,224,50,369,80,1176,1268,1332,1382,937,1187,960,1244,628,139,544,106,1338,1385,1341,1386
BRD-K80962769,225,224,1181,1107,1173,439,149,523,333,337,622,474,1022,972,1256,893,39,9,82,10
BRD-K13580623,226,203,569,911,244,688,819,249,92,24,38,16,196,1030,202,1014,78,208,53,220
BRD-K08852751,227,779,1217,113,1368,676,366,1161,1162,785,1088,784,1350,145,1287,168,1251,1145,1200,1123
BRD-A95513702,228,313,1134,1328,1133,929,912,1052,746,1018,898,864,472,899,681,814,734,1169,850,1156
BRD-K92000912,229,886,524,502,808,824,993,934,1166,1082,1189,1141,894,241,647,180,1160,805,1144,780
BRD-K37932103,230,606,476,861,332,1063,1155,1018,139,769,171,789,254,638,235,630,208,994,267,1031
BRD-K00689442,231,575,56,954,173,1096,940,105,331,1001,204,1112,135,639,94,720,204,562,160,430
BRD-K02123250,232,638,1223,1120,916,546,564,304,665,582,560,463,880,729,1069,1099,590,907,382,1056
BRD-K73945663,233,78,95,482,41,183,1160,868,1270,1372,1334,1375,100,55,59,53,1283,1345,1323,1329
BRD-A94546435,234,83,1395,1397,262,1038,14,45,186,503,20,510,1167,1227,1261,1350,113,10,4,1
BRD-K11640013,235,182,165,6,728,707,661,396,573,1106,300,1053,960,790,1072,772,413,662,305,308
BRD-A90643929,236,310,490,1058,528,505,1281,896,599,1226,675,1208,210,524,139,485,492,731,462,737
BRD-K18587499,237,759,1306,1076,1187,547,142,465,685,736,590,756,1360,810,1342,770,791,739,661,767
BRD-K24769439,238,1331,174,311,438,885,713,912,809,677,694,671,658,984,490,1207,771,473,628,512
BRD-K27630390,239,257,402,706,149,554,665,489,104,221,62,175,253,48,217,44,640,692,720,657
BRD-K13725475,240,92,1234,515,1283,1156,664,685,1283,1019,1350,1071,1163,185,1143,127,1380,1325,1388,1348
BRD-K51677086,241,1239,215,512,307,1066,565,252,289,713,95,281,359,695,189,1118,210,437,49,267
BRD-A96456596,242,824,900,1050,533,380,521,652,559,778,643,731,589,481,581,533,457,661,549,539
BRD-M58317392,243,1066,437,235,812,1239,1009,424,605,39,588,34,419,1299,369,1232,339,738,403,726
BRD-K46469693,244,580,302,811,167,199,1180,1032,166,500,216,479,111,540,174,483,184,488,330,498
BRD-K20255967,245,405,686,1074,207,7,873,301,447,99,630,104,369,955,784,818,424,726,1010,853
BRD-K55703048,246,573,1367,727,1351,953,7,122,1074,857,1066,871,1374,1091,1380,1093,898,289,873,348
BRD-K98546361,247,568,668,835,404,913,1084,217,224,375,63,328,415,500,140,484,163,421,17,222
BRD-K64751731,248,643,1295,920,1276,999,207,566,326,756,444,759,1368,375,1254,371,805,355,760,437
BRD-K05639721,249,686,889,1155,1147,1072,695,443,180,124,174,154,539,616,514,588,901,892,918,894
BRD-A42969626,250,526,262,732,195,796,908,678,156,731,124,800,230,762,190,794,42,263,35,262
BRD-K69947829,251,108,24,407,189,1342,1291,166,14,561,137,590,9,545,16,481,294,841,513,843
BRD-K68132782,252,1290,808,1338,385,1129,280,182,697,415,531,141,906,1205,980,1390,404,600,159,406
BRD-A30205217,253,382,585,1160,247,734,937,485,120,353,67,295,192,1158,297,1197,43,90,12,18
BRD-K67977190,254,537,152,378,116,441,882,804,375,151,435,239,190,605,216,705,167,440,173,497
BRD-K11758216,255,631,1129,773,1074,484,195,437,623,598,616,625,763,806,944,780,417,406,476,455
BRD-A20239487,256,1097,573,890,280,525,120,104,976,678,871,693,583,466,709,616,551,654,190,359
BRD-K39987650,257,231,484,809,900,1046,1233,1313,808,1268,859,1339,269,757,269,737,1026,1117,867,1137
BRD-K13533483,258,90,161,385,111,185,1336,1044,949,945,914,1058,76,41,67,33,749,790,797,902
BRD-K89793492,259,210,187,37,14,3,1298,1240,829,1393,794,1392,85,126,86,147,966,1370,929,1350
BRD-K88172511,260,616,809,783,526,990,920,452,518,936,362,991,514,759,524,933,223,292,88,244
BRD-K44494044,261,867,852,785,753,502,768,1002,531,348,606,388,1138,769,1021,703,242,722,236,770
BRD-K60002680,262,284,1366,786,1131,323,972,1300,932,207,908,335,1173,215,1006,325,1256,1247,1226,1242
BRD-A95944315,263,267,934,701,1308,1168,157,261,499,543,527,545,1112,947,1124,894,482,589,596,594
BRD-K09780243,264,730,479,993,178,805,1306,1137,416,1272,556,1270,154,92,215,103,412,436,624,481
BRD-K92895207,265,141,952,1086,917,987,420,774,639,839,539,810,661,932,499,996,594,1077,437,1083
BRD-K83144676,266,328,1034,1380,119,680,447,193,1200,810,734,706,247,1304,910,1362,837,707,629,510
BRD-K28428262,267,907,881,800,506,928,330,394,1210,912,1305,988,876,796,570,748,998,980,1004,943
BRD-K04262969,268,451,153,81,945,412,168,158,717,644,834,631,855,387,948,427,79,411,105,461
BRD-A05457250,269,258,855,1031,324,591,561,938,672,821,682,799,761,683,737,742,656,759,700,755
BRD-K66090100,270,404,1047,1384,783,493,1184,1055,1098,284,1091,451,888,455,788,280,779,191,640,236
BRD-K78883024,271,319,520,791,371,857,1046,963,232,317,153,176,449,1123,366,1205,152,185,85,156
BRD-A95939040,272,822,767,346,867,541,388,911,832,452,972,352,1053,437,1154,656,980,453,1104,487
BRD-K39114105,273,565,279,1078,225,533,1066,630,200,1190,437,1220,45,622,226,638,9,368,86,568
BRD-K29054201,274,554,62,394,58,938,945,833,115,1074,278,1173,44,317,71,453,161,1080,265,1040
BRD-K49791723,275,247,1222,453,791,253,468,1075,1190,911,1247,951,1256,716,1320,622,915,218,1057,255
BRD-K88866336,276,110,1326,545,890,140,586,817,1214,114,1165,174,1174,127,1027,139,652,929,538,979
BRD-K46523383,277,173,893,936,923,702,252,36,315,1059,186,1092,643,801,435,778,666,596,618,618
BRD-K92107474,278,334,706,1151,86,370,249,790,1237,1007,1215,1034,532,355,488,372,1013,648,931,590
BRD-A80383043,279,344,1327,1307,1244,876,140,657,1239,1173,1207,1060,1314,968,1276,913,814,249,775,250
BRD-K16057611,280,542,1353,1237,1357,1192,317,701,1170,1084,1092,1044,1357,374,1293,386,1079,632,1022,634
BRD-K89210380,281,166,487,739,641,833,647,135,681,428,770,416,692,1111,729,1146,1024,533,1073,511
BRD-K93229693,282,339,318,353,566,481,932,517,694,657,744,722,924,1130,863,993,1041,396,1154,463
BRD-K86217247,283,395,168,693,50,64,1195,606,578,838,649,805,81,970,132,931,381,946,444,857
BRD-K17003857,284,131,57,314,13,52,1349,565,20,152,72,190,33,168,68,183,17,1008,149,988
BRD-K87049188,285,532,1087,736,1152,1005,452,1108,362,704,395,752,594,997,691,1008,198,324,162,316
BRD-K95208083,286,870,472,717,645,968,894,658,508,659,586,646,488,819,510,1125,746,1064,585,865
BRD-A33447119,287,640,336,412,377,767,245,230,602,1130,756,1210,553,381,386,436,347,285,245,216
BRD-K53903639,288,91,39,284,5,2,1310,1294,1396,1371,1374,1374,26,7,33,12,1353,1365,1321,1357
BRD-K42098891,289,266,497,541,78,141,890,650,754,544,942,755,440,160,232,73,1059,1098,1247,1274
BRD-A36217750,290,1022,615,848,587,264,491,156,1008,832,1114,901,1031,1181,1026,1264,358,474,179,553
BRD-K57391913,291,128,1004,208,1359,202,69,1333,970,498,1085,357,1343,829,1399,1052,1119,1048,1229,1218
BRD-K12621773,292,633,947,1121,518,640,339,191,582,300,503,238,957,405,1057,620,825,379,622,207
BRD-K21165668,293,227,365,580,343,853,818,534,708,1030,637,1031,208,90,99,94,1078,794,995,832
BRD-A08187463,294,1190,380,731,558,786,523,372,915,701,788,676,914,656,903,1031,1060,621,634,228
BRD-A85891951,295,396,407,32,604,213,699,1112,503,875,428,1027,754,106,630,72,970,1240,969,1255
BRD-A75552914,296,1055,844,827,899,1073,294,352,521,717,723,677,965,1201,1148,1235,637,435,621,349
BRD-K44540157,297,415,583,702,1084,745,454,307,622,1016,862,1019,475,965,795,949,420,253,523,241
BRD-K00959089,298,825,1199,1179,1167,671,189,349,1189,811,1181,769,1277,1325,1356,1366,537,344,412,357
BRD-K66033125,299,1027,81,265,84,449,1307,636,239,1161,258,1161,89,101,35,79,233,756,269,846
BRD-K96634415,300,887,18,92,537,126,1111,1123,62,187,55,188,50,47,57,46,14,1006,20,1038
BRD-K63923597,301,860,778,511,940,736,992,1192,946,989,1118,1156,1030,459,1086,507,1075,898,1189,1050
BRD-K55827386,302,208,68,679,51,1130,1261,837,177,1035,624,1139,63,778,50,722,578,1189,1069,1209
BRD-K61220632,303,703,544,374,708,1041,1105,1241,620,1046,585,946,599,914,568,837,1039,1126,1038,1171
BRD-K30373477,304,105,19,125,63,20,1241,1189,181,156,255,193,55,39,37,50,1022,1252,989,1227
BRD-K09716788,305,376,180,978,102,221,1183,741,332,552,351,584,159,907,104,868,41,586,29,621
BRD-K00675675,306,426,946,1143,747,879,539,915,729,779,865,830,662,858,809,968,440,332,435,358
BRD-A57457122,307,670,1343,1314,1273,550,224,1054,785,446,621,386,1396,1100,1391,1053,884,614,590,531
BRD-A51829654,308,1206,1249,1287,382,145,119,374,962,276,878,305,1128,1058,1113,1104,649,880,691,928
BRD-K70358157,309,322,1039,1084,739,1249,1253,277,635,665,507,763,1097,1276,942,1269,784,51,619,57
BRD-K56269643,310,745,907,1372,1030,535,911,88,111,1,107,1,569,1387,586,1396,22,4,10,4
BRD-K19433082,311,478,792,365,687,384,383,177,193,442,145,485,715,781,1150,871,139,470,103,412
BRD-K35920785,312,189,935,411,1077,963,717,583,1134,272,1248,273,1049,951,1129,954,1080,971,1135,989
BRD-K74287511,313,1191,873,703,976,348,764,313,1159,918,1254,961,915,261,1007,302,730,991,743,826
BRD-K51155404,314,188,205,165,32,105,859,888,631,1098,632,1091,172,73,186,90,1015,927,1061,969
BRD-K32010074,315,712,232,452,203,1086,1103,1023,554,1153,633,1261,544,680,429,670,634,802,419,757
BRD-A41941932,316,698,1091,1320,864,685,527,665,1119,661,1158,697,1059,1187,1044,1184,407,163,432,185
BRD-K87070823,317,297,848,769,817,1394,139,7,162,422,26,255,702,1256,700,1381,238,639,166,404
BRD-K79153888,318,1092,543,967,425,392,905,716,1370,1314,1390,1386,801,648,614,569,1295,1217,1331,1295
BRD-K50360938,319,679,663,1022,615,943,829,719,465,1123,460,1149,478,1246,409,1238,279,923,250,920
BRD-K11107424,320,411,930,1137,937,696,693,531,649,932,611,858,839,591,888,603,384,743,355,738
BRD-K02409808,321,863,721,364,1148,1163,202,115,1126,432,858,315,1095,1087,928,1119,899,710,683,641
BRD-K67514995,322,300,267,556,261,762,529,546,825,191,887,230,334,157,339,156,1298,1341,1295,1339
BRD-K94127894,323,460,601,659,305,107,868,1243,407,639,373,366,745,134,627,126,1187,940,1204,882
BRD-K05977355,324,927,795,875,701,504,631,250,824,504,812,567,902,511,813,905,786,891,698,959
BRD-A09749088,325,179,622,257,1220,342,646,291,917,1086,749,1006,874,401,817,390,539,580,423,577
BRD-K91937579,326,134,374,455,1063,1128,1203,1361,725,913,687,963,669,246,571,256,1250,782,1270,855
BRD-K44218307,327,420,965,1168,919,534,1036,1282,215,193,180,237,954,1103,1039,1007,560,613,649,660
BRD-K10657952,328,353,680,1347,179,899,1322,593,625,546,647,667,176,1263,213,1215,458,164,500,123
BRD-A24543851,329,164,916,610,1270,663,677,1114,93,136,91,155,479,357,678,344,169,727,168,724
BRD-K19885561,330,472,1332,1202,1292,512,45,127,687,260,666,279,1364,889,1350,789,300,67,243,73
BRD-K92817986,331,241,453,579,668,632,1266,1230,172,707,112,630,452,937,643,997,80,687,37,558
BRD-K34092021,332,250,1143,1182,1234,1349,1136,814,84,332,96,329,224,906,454,892,698,1073,739,1106
BRD-K77790153,333,380,266,1200,358,923,1218,1073,136,831,35,700,508,1380,413,1393,232,1197,97,1089
BRD-K70900504,334,620,197,617,217,503,610,143,515,525,450,515,716,1265,662,1272,735,1085,690,1101
BRD-K43290182,335,621,677,1203,390,954,691,654,312,409,193,359,489,768,422,802,333,223,201,211
BRD-K83826027,336,888,296,634,151,435,1000,749,804,369,905,403,287,452,171,229,1158,831,1261,1068
BRD-A55946879,337,351,238,369,74,261,1333,1334,1262,1238,1357,1297,296,129,208,97,1302,1338,1348,1349
BRD-K72766058,338,157,1197,1253,1232,840,438,1363,556,1062,574,1211,1092,767,1009,749,756,485,945,663
BRD-K66788707,339,228,1115,1147,1017,776,402,747,1135,1222,1262,1345,1213,785,1277,1044,389,620,171,468
BRD-K24009388,340,797,226,101,90,157,694,753,90,49,80,59,458,331,505,342,488,1095,540,1077
BRD-K10421834,341,161,1216,958,1126,1000,652,773,1066,145,1025,170,846,993,872,897,920,1000,812,974
BRD-K65124350,342,383,1109,1303,660,973,1238,761,598,327,779,308,90,903,218,761,994,674,1040,653
BRD-K38449220,343,341,1363,1355,1196,1018,436,677,267,274,293,229,908,1281,1130,1236,340,182,425,192
BRD-K19358815,344,641,963,1167,1132,781,725,1285,919,726,911,765,1336,1292,1268,1278,1232,1167,1198,1155
BRD-A02990301,345,1114,703,1088,678,1153,611,727,792,776,700,663,794,1074,815,1240,684,1030,778,1174
BRD-K24859147,346,749,865,641,1052,975,276,84,431,771,156,824,736,753,748,1004,284,699,81,470
BRD-M88256629,347,453,847,540,492,980,1239,1065,405,798,414,900,912,1104,777,1006,993,998,959,1021
BRD-K96697180,348,740,447,195,603,918,1014,1259,747,642,640,480,551,1090,690,1073,697,1181,862,1186
BRD-K71555338,349,153,958,1174,231,901,1286,939,1236,104,1221,205,518,239,337,188,1281,1331,1273,1341
BRD-A11605036,350,320,189,721,174,393,1137,1093,9,122,185,144,22,386,108,378,36,772,259,718
BRD-A42759514,351,980,928,893,938,1253,219,224,485,635,230,276,1062,842,939,909,332,608,122,332
BRD-K62374253,352,394,527,202,774,863,598,474,300,557,283,380,581,742,707,694,149,689,126,559
BRD-K20044426,353,632,1062,1108,927,1057,1089,740,227,171,305,160,1036,1189,905,1116,1227,1231,1202,1215
BRD-K31088139,354,71,489,649,448,351,1162,1058,1152,1373,1344,1376,499,194,605,189,1358,1346,1355,1338
BRD-K79491139,355,261,452,738,44,17,923,1030,1012,860,1256,948,476,1148,696,1021,1255,1023,1326,1041
BRD-K32412559,356,371,1008,609,642,390,236,692,1206,1061,1236,1052,942,651,1076,637,841,354,787,369
BRD-A68397902,357,406,774,1149,512,777,968,820,967,1242,959,1219,430,811,286,842,390,257,295,290
BRD-K69837166,358,802,310,866,502,1020,933,717,520,1211,619,1221,292,642,240,610,132,155,133,159
BRD-K15882173,359,476,1382,1392,477,442,630,945,549,1166,510,1135,967,1328,976,1271,295,377,331,451
BRD-K91701366,360,296,576,663,782,1099,863,614,762,759,817,726,321,1337,767,1333,1253,1290,1246,1316
BRD-K82154894,361,705,48,156,118,285,1020,533,68,80,97,115,156,35,153,63,350,885,515,913
BRD-K78481586,362,82,1292,1334,1164,896,313,207,700,361,721,332,1329,1212,1310,1285,1105,578,988,540
BRD-A56012032,363,913,613,583,647,800,712,526,228,946,202,966,328,1033,367,1192,110,783,112,659
BRD-K51368944,364,584,1022,1109,673,70,360,926,1330,1337,1306,1311,1295,187,1211,201,1049,913,986,912
BRD-A73847809,365,417,1272,1055,806,764,443,619,679,402,563,356,1301,1307,1301,1303,380,19,375,26
BRD-K40813780,366,367,145,1301,33,799,1323,975,246,78,253,103,42,8,30,19,740,1122,796,1098
BRD-K49861754,367,837,1084,854,602,128,397,662,802,754,921,742,1134,820,1198,783,654,399,597,372
BRD-K84924563,368,137,1088,1177,1166,1138,372,525,153,418,92,452,586,1200,753,1199,58,336,41,364
BRD-K44812652,369,897,535,215,605,601,98,333,516,360,584,438,749,665,1048,635,613,250,567,251
BRD-K30463976,370,595,251,335,810,695,288,446,798,1196,845,1181,738,1102,773,1063,469,526,465,458
BRD-K91834385,371,946,1054,1323,1082,490,310,624,1141,573,1170,713,1349,1207,1242,1286,997,723,965,721
BRD-K96745884,372,1378,333,28,312,15,679,803,801,889,793,929,903,100,830,100,744,1230,803,1248
BRD-K01612348,373,816,1104,1190,1194,810,76,89,810,1156,807,1193,1013,523,1082,584,281,484,99,363
BRD-K92912836,374,834,714,146,555,301,74,155,1130,1278,1120,1254,1029,268,850,283,1167,1128,1107,1108
BRD-K24306712,375,1079,403,127,892,513,618,504,106,345,152,394,1077,1356,937,1315,49,556,114,614
BRD-A65671304,376,608,292,616,712,419,554,229,827,965,974,998,726,1253,820,1309,1099,983,1210,1004
BRD-K66480544,377,929,1300,1345,1278,1360,845,745,1064,478,994,486,898,1269,799,1245,1108,1119,1056,1104
BRD-K11468634,378,204,598,1007,948,1230,896,738,856,73,995,64,633,966,726,952,581,142,887,157
BRD-K84449870,379,590,772,774,1151,1247,305,247,75,351,76,400,688,792,688,719,737,943,859,938
BRD-K00765103,380,118,1019,1385,1102,725,326,275,134,666,270,770,650,346,825,339,799,855,755,714
BRD-K63684048,381,625,142,392,68,134,1345,1351,164,499,157,541,77,144,76,167,221,487,300,566
BRD-K94296811,382,529,225,171,431,56,994,1164,969,1313,916,1293,697,522,782,574,1200,934,1220,874
BRD-K29423519,383,706,309,1185,172,1067,786,154,341,868,252,995,323,863,220,923,451,867,225,940
BRD-A91008255,384,439,466,654,517,538,836,793,567,757,468,753,483,95,377,70,1172,1218,1109,1196
BRD-A06909528,385,586,999,687,681,1074,659,288,490,975,1065,925,150,872,868,884,234,513,679,533
BRD-K20112532,386,171,1137,775,1155,1333,708,776,730,335,661,337,1041,1079,983,1083,937,1004,936,970
BRD-K33380066,387,271,868,486,596,559,496,998,845,804,780,801,830,323,766,330,1249,1109,1223,1091
BRD-K10232869,388,187,1043,1101,347,91,1326,1377,580,983,733,983,344,59,354,80,1333,1378,1315,1370
BRD-K25784575,389,365,829,847,1291,614,331,236,500,716,433,747,1150,924,1131,1011,122,58,34,44
BRD-K72798501,390,1106,139,307,1080,1269,719,391,320,238,289,296,333,1128,316,1058,85,117,89,117
BRD-K30511626,391,635,1275,718,1127,706,439,666,769,822,629,749,1262,723,1235,699,1226,857,1227,818
BRD-K88392283,392,345,363,1251,560,1030,1064,846,174,226,200,234,433,1067,394,1018,447,967,512,956
BRD-K70511574,393,423,268,350,820,988,1150,1097,454,673,501,542,660,777,594,880,790,964,822,967
BRD-K79437423,394,466,643,859,523,38,606,924,671,1294,707,1283,378,97,398,120,1017,1320,1059,1288
BRD-K18359792,395,560,580,688,224,65,1282,1352,669,162,740,84,302,341,335,464,509,657,601,393
BRD-K21400518,396,317,288,280,176,59,1167,1343,225,763,213,764,621,478,559,456,748,1139,650,1119
BRD-K41389876,397,151,237,709,128,517,1250,1292,102,897,225,730,161,433,253,491,276,1369,341,1354
BRD-K01400178,398,714,682,888,400,511,914,628,803,962,798,904,646,979,545,906,138,186,119,180
BRD-K89321975,399,1032,584,990,331,1031,1348,625,443,752,473,662,200,1347,188,1282,932,1107,924,1075
BRD-K47679368,400,335,154,475,136,613,1148,1267,461,234,478,269,376,211,289,186,633,565,673,569
BRD-K97701319,401,530,959,828,1256,1364,1050,1328,723,1060,664,969,767,1066,683,1054,201,449,132,464
BRD-K45392462,402,275,70,697,495,1017,1300,1345,279,1207,432,1175,149,513,177,492,261,1276,346,1246
BRD-A44448661,403,473,78,763,693,528,1357,1273,158,359,136,422,241,735,119,970,732,380,928,376
BRD-K26666618,404,348,690,1281,531,948,1006,1364,190,363,168,395,171,366,164,348,695,1238,774,1251
BRD-K79857601,405,113,274,485,420,418,770,415,450,295,462,257,640,1297,600,1339,228,79,118,43
BRD-K47731572,406,795,222,438,200,295,1026,885,395,1129,234,1119,364,1138,329,1103,143,370,65,398
BRD-K76723084,407,470,933,1195,999,1061,614,540,187,279,194,378,834,1221,860,1253,156,187,150,203
BRD-K10405667,408,429,536,251,829,89,497,807,213,334,169,316,1012,782,1034,809,69,62,31,77
BRD-K39318886,409,516,376,1216,293,912,1166,951,628,290,636,274,286,635,179,597,151,240,94,132
BRD-K76425766,410,98,960,1023,734,426,407,237,327,97,172,55,1158,1166,1203,1237,914,361,868,333
BRD-K95795676,411,854,264,1134,55,122,1316,1348,263,354,288,402,252,406,302,398,346,840,460,845
BRD-K18742343,412,915,1182,989,1022,692,86,853,980,1197,919,1202,1214,1186,1236,1161,274,434,247,428
BRD-K32949592,413,615,901,839,1264,1265,291,882,843,318,800,266,1283,1101,1323,1120,857,124,779,127
BRD-A07765530,414,301,198,375,180,1022,1230,1038,558,1055,692,1134,402,802,260,683,1218,1209,1283,1187
BRD-K15524596,415,207,120,454,743,960,685,667,805,930,711,876,372,902,264,930,1072,1094,1001,1096
BRD-A24225650,416,264,112,830,212,1008,1011,241,491,834,593,866,300,1178,242,1162,685,1016,716,1120
BRD-K20931972,417,88,986,1339,757,474,1243,709,1284,1390,1208,1380,777,1282,629,1168,938,992,1063,1131
BRD-K74430258,418,502,1166,960,969,438,97,684,1271,485,1258,521,1389,1137,1382,1105,939,294,802,287
BRD-K14324645,419,796,516,403,575,359,1039,1170,253,161,86,105,731,822,658,973,382,352,273,299
BRD-K13982317,420,1231,42,63,73,463,997,435,49,1042,82,1013,47,155,83,173,21,761,124,776
BRD-K82110567,421,1230,35,31,30,142,981,60,130,313,125,348,122,1129,118,1035,8,105,7,148
BRD-K56558538,422,1104,733,1181,633,756,405,269,1088,824,1132,886,984,825,818,1081,838,550,491,215
BRD-K74248891,423,827,1083,813,733,186,824,1220,119,715,199,718,1016,935,1106,846,235,412,397,489
BRD-K08115555,424,1002,894,1039,1023,900,513,378,203,294,259,344,683,1331,831,1302,72,82,54,100
BRD-A05186015,425,1238,557,465,254,563,470,305,905,590,1131,431,757,669,699,1023,645,844,678,861
BRD-K11072542,426,736,429,517,955,1135,481,873,494,140,350,121,860,770,676,728,614,194,501,238
BRD-K93331292,427,436,884,1315,966,1207,730,341,66,282,141,442,393,660,649,661,338,463,517,524
BRD-K14765469,428,775,483,700,450,582,1106,564,140,154,50,113,457,1072,291,1233,173,188,109,183
BRD-K99616396,429,646,1338,874,1383,905,32,679,873,681,1061,779,1274,869,1387,1222,1001,852,1148,868
BRD-K12177722,430,213,409,446,62,835,1268,141,1290,1214,1160,1187,107,235,162,247,1050,970,948,962
BRD-K54771420,431,485,646,1006,657,469,475,859,1030,1103,939,1099,872,707,902,734,612,642,477,537
BRD-K88569143,432,384,944,995,198,670,577,572,283,793,356,772,395,684,567,708,98,419,92,385
BRD-K28595280,433,165,209,430,120,21,1173,871,968,454,1008,488,387,640,305,685,781,158,747,151
BRD-K74606027,434,276,760,724,538,644,655,843,288,486,235,493,350,234,273,242,271,305,287,249
BRD-K36864847,435,468,1077,1062,962,1087,573,845,584,1028,597,1024,701,595,785,666,544,351,447,413
BRD-K06652922,436,447,667,349,972,269,81,157,151,311,187,302,891,562,1094,517,115,30,165,36
BRD-K58340898,437,1005,27,290,96,690,1211,1279,176,301,130,341,87,809,85,732,37,658,79,692
BRD-A64850503,438,174,478,887,211,1034,826,483,337,547,518,550,259,835,346,865,51,53,39,38
BRD-K95858622,439,150,898,735,365,245,589,379,1372,331,1242,277,1200,1152,1171,1160,1336,327,1272,366
BRD-K25741894,440,812,793,934,780,757,428,518,715,1164,809,1152,740,1156,759,1085,369,528,255,380
BRD-K01566563,441,403,1105,612,1218,1120,1055,1157,1184,1168,1094,1140,610,333,674,346,876,910,877,911
BRD-K50018155,442,587,998,271,671,102,162,708,790,739,782,762,1248,783,1262,823,318,212,233,237
BRD-K96778649,443,1124,574,1139,844,1173,782,428,302,480,263,566,412,553,336,545,585,708,603,754
BRD-K37727696,444,514,177,655,777,1204,583,441,646,613,538,645,680,776,626,763,936,810,905,830
BRD-K19642661,445,1344,1126,1322,866,1283,781,921,1241,1079,1288,1138,1164,901,1221,1043,855,415,719,265
BRD-K40997335,446,1011,765,1292,781,594,880,38,259,316,228,374,213,678,347,700,47,116,60,106
BRD-K56215828,447,741,303,553,399,743,877,1022,374,621,369,656,97,295,66,305,256,1135,308,1116
BRD-K06024458,448,440,1089,217,1375,1189,51,597,1091,982,1050,967,1341,784,1354,793,1145,989,1058,949
BRD-K43682718,449,312,163,1102,514,1261,734,103,60,93,14,61,575,1206,528,1291,130,233,95,270
BRD-K76926998,450,776,769,777,799,705,368,331,260,968,652,936,523,617,778,625,174,458,376,549
BRD-K97863768,451,674,603,1059,291,592,1051,1095,570,849,511,875,505,1035,460,995,714,489,706,488
BRD-K60796852,452,454,716,979,889,916,918,623,811,356,797,261,504,1219,438,1218,1112,990,1089,852
BRD-K45505681,453,308,361,141,552,345,792,477,1185,1118,1227,1114,1210,923,1270,870,897,1106,937,1151
BRD-K12189280,454,883,499,1283,336,814,293,133,564,373,427,263,493,476,370,438,706,448,654,298
BRD-K41670583,455,350,1365,1368,1314,1274,117,317,875,733,830,712,1359,1184,1370,1198,921,60,899,24
BRD-K80058142,456,518,876,919,1310,1351,122,41,1253,1176,1226,1225,1121,1330,981,1307,1177,1299,1108,1278
BRD-K79435297,457,786,954,1311,289,166,361,19,80,155,129,192,228,643,277,612,326,341,449,424
BRD-K04680237,458,176,28,3,369,659,1256,877,149,1302,223,1288,133,399,157,356,430,166,571,193
BRD-K51388814,459,1133,941,1037,407,328,804,502,1122,1358,1190,1379,243,609,219,592,410,278,387,371
BRD-K74495399,460,414,582,592,609,869,1314,1232,306,850,326,840,358,122,334,142,694,799,763,811
BRD-K33780441,461,833,77,140,437,174,1199,952,83,103,36,82,157,184,62,134,433,1032,408,891
BRD-K70086257,462,882,956,560,886,822,164,739,1146,914,1156,950,1258,311,1209,300,1109,928,1075,942
BRD-K60571253,463,124,293,180,740,551,373,578,851,882,1105,892,552,613,705,673,97,98,76,56
BRD-K97671879,464,920,673,665,157,621,1047,718,412,367,498,407,308,376,393,304,638,94,664,147
BRD-K78294846,465,520,1225,1081,939,161,705,570,1226,1239,1195,1250,1152,931,1181,914,866,706,839,717
BRD-K07859598,466,1052,717,632,1293,1244,272,138,397,581,642,634,926,1105,1210,1330,579,825,682,827
BRD-K64642496,467,148,347,789,1171,1291,1240,726,398,506,554,533,235,739,404,677,573,284,869,306
BRD-K05395900,468,1076,521,1013,464,998,262,64,568,646,239,576,615,717,560,1084,787,877,704,897
BRD-K19525698,469,762,1187,300,1169,356,78,491,900,584,910,548,1322,1293,1353,1318,813,872,865,752
BRD-K51400578,470,945,1281,1341,761,763,243,276,954,650,934,585,1003,921,1051,1139,1014,1026,1024,1065
BRD-K30606628,471,218,816,864,92,99,906,757,1291,1256,1345,1296,746,414,638,355,1324,1250,1345,1253
BRD-K10279202,472,600,606,1297,133,208,990,1087,634,696,618,699,490,833,473,754,211,770,222,788
BRD-K23958338,473,649,814,743,874,1186,572,548,1013,826,1045,934,859,995,805,1170,750,535,522,557
BRD-A24891640,474,143,1135,1130,1013,957,939,638,735,954,716,1005,858,840,735,753,852,457,762,453
BRD-K11171096,475,354,1375,642,1279,1199,38,675,517,227,555,271,1382,896,1369,771,1243,1050,1265,1048
BRD-K43952716,476,1280,410,1083,323,1144,961,553,427,863,418,850,168,1017,172,929,70,864,108,866
BRD-K42516959,477,419,425,674,485,765,745,610,831,903,879,905,249,287,237,303,397,601,415,543
BRD-K57696989,478,163,1373,806,1354,1196,629,875,1165,591,1076,702,1378,977,1246,890,1221,951,1191,1067
BRD-K99291625,479,666,515,1027,236,605,767,849,276,1057,210,1009,193,844,245,888,83,711,71,689
BRD-A07614565,480,206,843,494,973,1133,788,616,1142,1033,1164,1035,1087,826,1152,821,1378,1312,1378,1293
BRD-K68863575,481,614,722,71,654,320,820,960,373,507,188,530,781,699,666,474,319,660,184,784
BRD-K96797558,482,522,605,1169,522,895,562,954,314,324,261,355,681,1241,677,1167,61,220,56,293
BRD-K94544211,483,109,659,578,210,596,1207,513,1386,1275,1393,1310,265,166,133,136,1320,1304,1342,1314
BRD-A03816571,484,499,797,611,929,531,801,1057,1168,874,1166,987,1155,391,1135,309,1352,1340,1367,1343
BRD-K68402494,485,952,338,372,82,339,1040,354,1298,1150,1245,1129,394,368,328,278,1131,1066,1068,1001
BRD-K26626929,486,269,286,802,571,482,1252,1195,444,541,522,604,128,269,158,350,328,408,455,469
BRD-K69790925,487,989,609,448,554,801,1024,728,235,212,149,250,567,556,491,523,644,696,608,729
BRD-K92492521,488,260,1014,1285,1336,1298,499,1049,410,817,544,751,708,1223,877,1204,257,211,399,160
BRD-K09324015,489,545,414,755,145,327,739,715,436,611,445,647,577,632,533,602,245,847,266,854
BRD-K57579117,490,634,450,86,479,565,966,634,128,370,242,371,152,69,262,75,120,712,278,670
BRD-K46384212,491,523,571,246,1174,1259,408,613,303,443,392,449,673,856,882,766,441,582,507,562
BRD-K67889001,492,412,715,844,135,367,936,1036,1263,847,1220,838,305,877,287,788,187,245,226,319
BRD-K94919853,493,291,239,740,871,1325,592,300,414,494,434,507,515,1336,554,1346,87,100,45,62
BRD-K74671783,494,877,385,490,599,925,1263,1254,591,640,525,436,204,104,125,125,322,1097,291,906
BRD-K45785972,495,629,392,1154,204,802,1315,1042,429,662,380,578,262,766,146,853,230,883,140,961
BRD-K14609189,496,1020,732,973,745,615,840,1186,690,788,713,816,899,1177,761,1177,119,459,63,546
BRD-K34030207,497,507,1394,1371,982,543,255,633,1215,1387,1211,1378,1372,1222,1359,1142,1306,1045,1311,1022
BRD-K05833481,498,494,750,523,1269,1148,977,969,274,1209,320,1182,666,494,636,482,476,700,625,722
BRD-K68211814,499,1064,1368,1223,1275,1047,61,914,1035,935,1117,1078,1356,957,1397,1202,1101,829,1172,789
BRD-K77762110,500,1044,1146,787,1032,520,104,923,1289,545,1343,624,1325,941,1313,901,1032,78,1087,72
BRD-K30197592,501,622,1081,1236,995,877,287,219,596,688,516,703,921,1211,994,1276,436,160,297,129
BRD-K97476371,502,242,593,620,720,735,39,42,773,230,824,199,576,668,431,580,90,234,42,253
BRD-K39241486,503,517,319,188,606,250,146,50,527,616,489,591,554,875,608,702,473,1062,457,924
BRD-K99188848,504,244,869,600,1070,793,479,144,70,5,69,7,821,265,756,279,1068,1043,1000,1020
BRD-K42953652,505,302,1301,873,1333,1040,412,1133,848,330,904,373,1358,1021,1338,872,361,42,329,66
BRD-K44828732,506,639,744,333,292,224,843,750,882,1077,912,1180,421,340,468,312,1183,1305,1187,1299
BRD-K47543154,507,547,621,470,48,62,1119,1138,546,758,598,760,202,1119,224,1026,298,788,377,804
BRD-K77876724,508,506,812,550,1012,491,18,108,597,281,488,267,1246,661,1297,716,444,157,380,164
BRD-K08039553,509,145,737,1126,183,597,609,495,868,1255,1330,1346,53,362,519,364,287,1036,534,973
BRD-K43236057,510,211,1253,1331,1307,1301,377,568,688,628,448,649,1026,884,999,939,516,444,320,395
BRD-K44525591,511,381,132,39,22,11,1214,970,206,691,267,694,144,91,192,109,128,784,254,799
BRD-K89046952,512,970,1362,1231,1358,1059,100,56,826,737,777,790,1264,1319,1311,1299,236,71,145,76
BRD-K48722258,513,253,759,423,226,158,424,893,844,671,969,822,704,164,547,171,869,1093,927,1183
BRD-K00185670,514,1270,1113,1056,1303,907,688,779,752,601,739,589,1196,1133,1302,1273,859,587,920,499
BRD-K31635696,515,761,1107,905,1083,35,328,836,1349,1332,1356,1307,1298,162,1249,178,1037,916,996,918
BRD-K80232076,516,169,555,894,589,884,808,1086,48,11,34,10,313,1056,340,1059,66,558,178,672
BRD-K45235808,517,613,936,1267,346,335,197,199,575,307,545,346,682,743,639,682,957,541,838,601
BRD-K70940447,518,1356,1170,1280,1329,1103,842,1297,1350,1128,1301,1224,994,458,926,314,1169,547,1092,736
BRD-K10325955,519,140,1153,906,1254,1049,121,173,1020,1051,1037,1043,1166,1028,1081,1121,1163,760,1140,797
BRD-K20497962,520,288,1264,729,374,96,228,1096,1116,553,1075,505,1326,667,1322,646,1192,431,1188,467
BRD-K87313043,521,811,1125,442,1021,1262,862,318,934,748,1053,844,780,336,689,338,1016,724,1153,763
BRD-K34755514,522,370,854,474,1049,1064,281,1185,1260,1279,1257,1303,446,446,463,459,1176,1159,1178,1172
BRD-K88906571,523,574,1132,972,912,346,154,586,565,597,689,595,527,290,922,257,765,1044,824,1009
BRD-K88099061,524,821,1142,1383,213,648,729,582,1106,1248,1198,1223,301,436,400,426,679,469,895,538
BRD-K12516989,525,627,1016,1247,704,790,327,473,1103,355,1043,325,1230,1244,1177,1242,148,64,91,74
BRD-K82560670,526,273,30,119,56,989,1251,831,1049,622,1188,684,48,56,53,60,1312,507,1324,632
BRD-K29654204,527,558,1188,1286,1003,403,381,1275,1052,905,989,889,958,213,885,225,186,427,229,505
BRD-K97633445,528,492,435,1306,1050,795,678,340,1080,565,1032,478,1080,1242,1139,1241,989,598,1030,649
BRD-K26233379,529,413,918,699,1087,709,753,902,999,638,1175,813,897,130,786,150,1186,963,1211,958
BRD-K18025010,530,624,735,840,775,961,298,176,358,468,495,500,687,837,857,883,136,96,148,112
BRD-K18571495,531,487,929,1010,61,159,1031,290,1337,1237,1329,1259,571,689,541,850,1152,1140,1046,1107
BRD-K15594502,532,343,1130,625,1112,537,711,1323,610,1200,884,1168,381,288,842,298,398,1047,693,1026
BRD-K62450654,533,711,254,648,616,1006,743,676,940,1054,869,1025,345,1040,397,946,574,615,543,661
BRD-K22695599,534,807,256,203,320,165,858,941,572,1189,610,1205,332,107,357,123,659,947,735,957
BRD-A16665823,535,1009,878,1091,544,739,184,214,893,741,1146,778,956,909,1104,1076,929,869,908,771
BRD-K99633760,536,401,508,881,221,544,1100,571,54,692,68,695,80,68,92,82,265,631,359,677
BRD-K77273736,537,168,803,1308,1137,1370,613,439,1001,65,977,73,423,1147,361,1065,858,113,861,161
BRD-K44273375,538,1258,1165,756,1255,1019,490,780,964,1043,1083,1076,1055,1098,1158,1356,497,363,193,60
BRD-A98050686,539,160,565,393,373,724,1128,233,205,225,150,151,373,663,389,755,54,74,32,33
BRD-K37694030,540,1345,149,221,363,806,925,991,911,873,1036,940,542,395,353,472,668,1053,463,1061
BRD-K42134801,541,340,980,1365,1249,1329,1234,1014,668,38,876,58,900,795,906,813,1054,161,1177,278
BRD-K18271121,542,602,705,1288,1004,1332,1249,737,282,213,163,143,886,1342,787,1337,550,193,429,173
BRD-K22428007,543,848,171,1255,8,48,1309,1221,1158,1021,1296,1132,143,575,80,413,108,107,123,59
BRD-K73125384,544,676,1371,1133,1348,933,110,648,1243,883,1290,884,1309,1144,1329,1203,1092,1028,1043,1017
BRD-K90849765,545,467,449,285,405,176,480,1199,418,427,312,473,1054,555,1054,619,660,195,687,195
BRD-K50716931,546,252,723,880,565,823,851,802,146,26,164,35,455,454,543,402,1087,400,1132,517
BRD-A04327189,547,922,923,571,610,522,178,273,736,210,245,78,529,637,838,820,802,217,580,124
BRD-K24626857,548,598,642,1131,1009,1157,838,867,1129,855,1018,890,796,1259,774,1262,780,640,730,680
BRD-K50366616,549,290,504,1072,209,585,1171,698,1259,1146,1287,1103,342,621,271,668,987,1070,1016,1037
BRD-K33211335,550,850,1112,630,968,184,209,444,1090,761,873,499,580,788,1147,747,719,750,804,837
BRD-A35020550,551,766,323,399,637,1118,191,148,484,1114,354,1084,619,786,542,833,147,77,104,81
BRD-K02113384,552,444,136,94,169,728,1038,544,1031,517,1052,594,351,388,241,469,658,524,714,664
BRD-M98484762,553,226,683,607,1311,1286,542,367,122,71,115,95,1109,1287,1024,1239,309,395,342,514
BRD-K22951866,554,445,539,313,549,337,697,363,1072,803,951,737,864,726,845,681,1069,492,1033,591
BRD-K46142322,555,1120,1053,932,600,812,375,735,945,782,933,733,1098,493,1100,470,804,754,853,806
BRD-K33326988,556,579,320,445,268,898,1190,1168,592,974,784,947,353,994,599,922,1287,974,1268,1011
BRD-K36756879,557,100,90,79,47,1,1004,1336,814,881,832,1016,71,27,142,13,1238,1259,1298,1283
BRD-K43830653,558,552,1096,484,545,93,220,475,650,208,681,246,520,183,633,155,592,1248,744,1238
BRD-K23841751,559,739,599,546,675,416,1070,743,874,1040,778,949,470,697,373,605,768,1113,736,1095
BRD-K92847204,560,490,170,155,471,198,690,672,383,876,268,984,432,871,482,1106,409,767,321,612
BRD-K16097209,561,496,379,1196,344,286,1151,1320,255,88,201,112,592,567,471,538,141,267,131,345
BRD-K32162676,562,443,493,247,700,479,841,1205,16,36,15,48,406,96,355,111,237,663,302,694
BRD-K67680372,563,932,1044,807,1059,919,626,854,460,579,296,323,1027,1097,1068,1156,635,603,546,698
BRD-K45543414,564,1177,473,315,933,788,323,383,1104,460,1149,503,918,343,870,361,1064,20,1048,27
BRD-K75843415,565,387,280,742,288,347,1174,755,794,915,697,792,389,1107,322,1158,968,1019,900,948
BRD-K05542495,566,668,910,680,655,206,422,1019,667,408,715,429,1181,460,1213,433,881,259,950,340
BRD-K37323001,567,358,874,327,541,344,593,527,644,1002,752,911,691,1348,929,1331,191,202,183,171
BRD-K13205342,568,1200,443,661,27,31,889,1167,1322,1325,1332,1329,271,75,195,81,619,1269,610,1208
BRD-A03623303,569,1244,813,1034,333,679,427,147,797,372,712,334,863,715,668,886,701,560,281,324
BRD-K71590271,570,1083,130,198,422,1032,1194,848,480,214,530,256,121,488,113,463,777,1267,800,1239
BRD-K07748118,571,1142,150,23,139,461,1222,320,400,1285,578,1239,86,49,116,49,308,319,452,286
BRD-K10706131,572,149,600,366,751,1206,525,265,609,421,573,466,534,841,433,1027,569,870,508,731
BRD-K17289060,573,515,317,471,1096,1211,756,538,475,257,423,314,743,1173,656,1096,733,301,646,378
BRD-K69306987,574,1138,1201,1240,1165,748,114,96,44,377,31,430,998,868,1003,779,604,207,633,275
BRD-K60379529,575,1137,870,243,1019,761,147,641,497,201,376,169,1148,440,1240,689,348,115,134,30
BRD-K00256256,576,665,849,1094,568,1151,783,309,743,1170,669,1116,277,477,515,500,532,542,615,587
BRD-K57638192,577,232,790,1275,870,904,773,484,1275,1017,1216,1020,1110,1238,869,1164,762,778,703,778
BRD-K75845944,578,233,362,463,1015,681,267,303,245,44,209,38,768,219,879,269,362,312,337,315
BRD-K87371039,579,718,1208,1145,736,440,825,481,247,437,294,539,464,850,679,869,377,508,371,516
BRD-K04687955,580,764,401,272,154,698,1048,90,385,562,339,659,320,51,317,68,808,337,923,520
BRD-K20146413,581,474,685,799,304,687,1021,1059,742,814,803,808,574,846,648,764,889,1151,939,1135
BRD-A29437505,582,592,1038,255,1145,575,88,274,1196,264,1140,286,1334,987,1326,989,1120,909,954,851
BRD-K53373965,583,1225,1117,507,653,309,1104,981,759,980,795,953,808,1168,808,1066,961,1180,956,1161
BRD-K68095457,584,1202,631,673,726,769,346,266,718,960,831,1064,1024,828,934,1047,669,858,396,777
BRD-K65126127,585,644,731,289,719,453,853,1208,143,126,120,156,988,624,935,594,160,538,170,598
BRD-K27343142,586,251,517,1036,576,194,187,145,896,1269,923,1269,944,1316,844,1258,705,1165,705,1166
BRD-K81146041,587,778,1060,441,1252,1297,958,809,79,298,103,338,451,505,540,486,317,288,405,365
BRD-K34182570,588,588,202,692,362,74,487,161,867,86,696,118,467,1324,796,1326,1307,791,1302,1000
BRD-K95650611,589,431,985,129,1215,773,35,150,995,1182,913,1183,1321,471,1300,395,653,1042,671,1076
BRD-K94224651,590,570,315,1271,1027,1366,794,508,192,22,215,21,557,1320,615,1263,25,1,11,2
BRD-K31780183,591,612,1064,750,1268,1161,536,1132,325,401,236,489,1146,1069,1161,1000,506,666,521,723
BRD-K59230034,592,719,272,224,582,387,687,419,55,424,75,476,696,1295,653,1224,19,251,51,326
BRD-K77502932,593,942,729,945,185,398,964,861,456,1244,541,1215,396,1006,365,915,605,1323,643,1304
BRD-K62836687,594,1249,433,498,1130,1164,384,82,297,147,254,172,573,1264,685,1129,1083,965,1009,1014
BRD-K76637414,595,895,607,302,869,1257,1175,1088,271,7,358,5,543,1322,640,1280,900,140,1037,214
BRD-K42916718,596,687,1074,647,841,137,980,904,43,117,51,147,756,1113,521,1019,917,1206,674,1178
BRD-K70074151,597,501,351,569,284,317,208,164,280,53,275,56,443,962,414,983,683,359,620,354
BRD-K47490989,598,628,679,867,184,340,807,327,931,400,856,385,471,434,406,473,565,262,466,231
BRD-K83213280,599,138,291,205,1224,395,1272,1354,1183,966,1308,989,486,174,306,107,1199,1348,1280,1351
BRD-K15219339,600,481,713,506,692,498,1002,972,141,72,184,70,340,150,424,161,1313,1208,1264,1179
BRD-K84705102,601,510,531,1246,83,936,1224,660,662,519,644,558,240,347,212,354,65,443,72,515
BRD-K98896788,602,904,693,584,227,115,827,651,211,600,276,606,454,396,372,351,185,1116,209,1088
BRD-K79968414,603,1056,221,29,401,508,1235,1079,1312,1311,1196,1285,212,74,214,93,628,1235,770,1245
BRD-K13604076,604,282,914,728,987,631,307,601,943,1014,956,1014,934,345,989,411,304,231,223,176
BRD-K65417056,605,1170,831,760,957,1094,433,197,738,458,719,423,805,1215,930,1257,403,101,279,83
BRD-K43842808,606,428,1291,912,1204,1113,486,454,419,177,441,164,1184,1036,1103,1072,879,677,815,628
BRD-K61045941,607,648,92,14,702,683,290,240,1133,1025,1136,1083,546,975,520,969,475,749,484,817
BRD-A77050075,608,673,501,481,1044,1178,444,611,442,836,372,833,642,666,576,643,543,938,442,968
BRD-K52913754,609,815,1255,748,1339,1220,334,955,202,242,195,285,1176,817,1083,735,789,1100,757,1081
BRD-K51218228,610,782,532,1340,302,358,1303,1201,1395,1366,1376,1347,280,1176,449,1070,302,298,746,382
BRD-K03608142,611,844,124,169,491,447,400,221,1047,1338,1155,1312,463,467,506,446,1088,1210,1116,1182
BRD-A65282128,612,773,912,1100,325,200,359,37,691,738,730,746,533,662,509,559,205,302,196,410
BRD-K65385622,613,465,34,58,57,124,984,203,1348,1290,1311,1266,163,158,163,174,704,455,728,526
BRD-K84566043,614,748,817,1129,441,190,336,61,216,29,318,26,779,1247,1074,1226,227,75,369,86
BRD-K78627754,615,511,213,417,666,1121,775,334,974,1085,1049,1088,198,582,185,573,24,135,38,175
BRD-K55344148,616,194,802,856,1219,1125,419,139,272,270,66,126,647,256,781,522,134,329,9,184
BRD-K25255972,617,1115,305,889,327,1215,1260,591,1011,1326,918,1301,70,179,78,193,270,1129,354,1112
BRD-A20527803,618,830,863,368,396,113,692,895,925,923,931,917,1247,969,1291,1130,1012,985,849,1003
BRD-K76587808,619,1008,719,269,460,357,113,259,734,790,738,825,770,531,712,582,602,848,438,766
BRD-K48005755,620,857,203,431,742,226,821,402,739,998,754,997,485,554,527,554,1034,1118,1032,1126
BRD-K68437527,621,1360,676,652,424,324,275,1109,408,382,379,232,601,328,511,409,400,751,218,529
BRD-K17535604,622,979,1003,130,1054,372,755,1324,1288,1095,1325,1054,1284,83,1224,84,1268,1268,1213,1228
BRD-K79426639,623,363,219,167,162,704,849,816,929,1134,720,1015,851,223,847,232,1245,862,1250,930
BRD-K48016779,624,684,176,191,105,721,886,430,387,852,316,815,349,1155,349,1126,192,213,200,226
BRD-A70268693,625,826,1046,1125,718,784,558,227,212,229,173,231,734,1084,760,1094,289,725,298,690
BRD-K12124649,626,734,656,949,242,509,1027,788,1144,1309,1172,1318,603,812,484,885,716,881,692,932
BRD-A65739223,627,905,119,772,229,602,948,86,720,929,992,909,116,495,342,537,445,753,709,791
BRD-K88701555,628,861,687,267,561,883,917,511,1109,1339,1128,1314,374,342,281,353,23,28,15,49
BRD-K05856102,629,651,619,522,165,182,1123,917,361,168,324,226,635,771,592,663,1043,896,1066,910
BRD-K33226500,630,1105,1177,988,930,445,20,492,1112,735,1154,654,1190,797,1272,1075,978,1078,851,1070
BRD-K70229243,631,619,45,439,115,787,1129,985,709,624,708,639,403,851,244,861,963,383,1070,387
BRD-A51382177,632,531,742,1054,446,1171,601,360,1079,892,1233,888,570,510,513,711,1045,933,1190,1064
BRD-K92219497,633,205,862,18,1142,964,63,834,1065,1109,1115,1090,705,225,752,202,244,942,199,901
BRD-K89923877,634,596,1207,696,1024,425,355,547,1208,807,1228,823,1287,908,1304,910,1082,1038,1049,1005
BRD-K35224528,635,135,1026,342,1365,1315,895,505,489,481,709,622,1225,444,1253,552,836,680,903,624
BRD-K84078621,636,1100,46,219,219,878,1135,1039,1207,1398,1201,1398,134,839,246,950,125,1339,198,1327
BRD-K89144371,637,192,229,379,1363,1188,227,72,799,222,771,217,1071,692,954,654,608,311,552,223
BRD-K68368772,638,1030,250,73,663,1024,1217,1101,701,919,848,878,549,980,501,891,629,944,636,886
BRD-K60826706,639,951,665,428,635,43,793,238,38,12,19,11,983,156,859,181,226,237,293,200
BRD-K73028742,640,717,1138,1016,813,108,1093,1261,1187,651,1046,672,1065,727,970,675,1265,1081,1180,1062
BRD-K91758467,641,259,269,384,330,78,777,1235,10,33,2,23,260,200,396,288,452,1356,581,1337
BRD-K14801883,642,199,260,50,403,414,847,51,338,89,519,108,637,202,875,222,1288,684,1313,772
BRD-K02823077,643,832,375,531,1193,1224,991,1246,693,577,731,609,382,686,407,642,277,55,353,94
BRD-K97781791,644,352,1328,239,1317,1375,615,299,951,51,896,62,1100,885,1046,800,1266,748,1234,769
BRD-K85886293,645,769,562,250,395,282,741,1077,1177,951,1080,1026,236,64,331,66,1047,1187,1006,1160
BRD-K57962577,646,1074,37,120,155,746,1165,653,403,194,388,220,185,847,183,829,321,146,328,143
BRD-K07064094,647,843,84,776,356,892,1317,1276,987,1138,1017,1105,113,404,147,397,472,1144,641,1122
BRD-A82307304,648,216,777,629,816,558,215,626,470,328,430,182,852,427,975,382,1066,777,1125,815
BRD-K61953981,649,990,1296,1228,1201,789,70,390,760,620,840,720,1139,498,1282,572,893,628,949,599
BRD-K18823018,650,399,897,461,1222,848,975,1163,529,632,582,664,1045,197,1071,209,962,1195,1018,1169
BRD-K70690367,651,238,1052,935,467,329,1023,1146,789,303,891,343,331,206,410,220,1085,1072,1050,1054
BRD-K86546828,652,409,669,759,1189,1384,68,243,630,1320,1293,1371,675,1361,1193,1397,467,1318,592,1297
BRD-K49294047,653,398,670,1173,196,573,1134,337,781,60,656,76,482,917,728,831,273,544,516,606
BRD-K83121797,654,243,577,1135,888,839,242,815,1376,1381,1378,1388,1218,1134,1280,1147,729,1166,806,1105
BRD-K43621195,655,221,36,74,190,341,440,43,1180,1287,1116,1241,341,124,296,99,1110,814,1079,798
BRD-K68341547,656,738,838,746,253,187,660,794,196,249,221,233,275,34,476,35,591,403,712,414
BRD-K34255700,657,630,630,1095,310,92,1098,1196,384,396,769,708,283,251,258,270,661,849,1036,1085
BRD-K45429601,658,1347,932,677,818,587,568,1212,939,795,868,793,1292,1149,1207,1046,553,112,532,155
BRD-K43774268,659,456,181,398,282,985,1279,1004,114,1321,336,1324,57,248,64,248,68,322,252,411
BRD-K60772276,660,237,1241,593,1075,229,77,1031,1102,357,1020,376,1278,480,1324,494,622,308,511,338
BRD-K06992369,661,994,1250,1278,767,50,656,1165,317,1013,301,977,1288,470,1184,450,297,523,312,589
BRD-K62058497,662,901,892,1019,197,110,1061,801,237,406,218,457,246,26,222,41,84,553,115,613
BRD-K32197572,663,1141,448,797,246,536,1034,1142,155,312,250,349,118,369,209,365,133,581,299,638
BRD-K56240483,664,1291,579,1073,658,710,1086,1001,1016,885,981,836,414,483,341,430,316,623,324,662
BRD-K06816133,665,690,345,310,77,234,1122,720,457,1260,481,1304,124,210,65,154,1162,1214,1254,1279
BRD-K89486464,666,336,1312,1012,1106,956,8,306,784,120,785,114,1305,1165,1367,1178,518,33,453,39
BRD-K10609180,667,618,962,686,1104,1277,541,377,1000,879,842,798,672,1073,575,1015,484,818,394,756
BRD-K22719646,668,998,554,52,1093,1260,309,841,1235,1365,1309,1328,733,52,828,69,421,966,448,824
BRD-K00715257,669,1243,745,716,353,641,1163,1151,817,537,892,574,245,330,279,340,92,568,172,627
BRD-K16535949,670,1016,730,916,123,242,1132,516,617,149,514,100,607,775,432,854,715,472,639,377
BRD-K05814022,671,710,921,1187,1128,1036,834,1069,173,470,154,519,528,169,526,184,282,35,311,68
BRD-K71346068,672,991,393,619,504,752,567,851,1039,570,1035,612,550,861,555,729,1123,1108,1151,1035
BRD-K82882781,673,355,1310,913,1315,1251,706,106,1097,1090,1112,1098,671,205,628,250,991,1083,1055,1144
BRD-K55889443,674,342,389,57,1323,1182,955,1306,426,947,314,881,1221,148,1157,96,1209,1086,1217,1092
BRD-K88961159,675,486,596,256,442,1201,667,959,1089,173,1070,213,491,520,504,496,642,1027,623,1008
BRD-K80749795,676,685,738,941,298,627,1042,974,357,576,411,610,325,93,312,110,908,836,947,840
BRD-K52215487,677,978,983,628,519,750,484,21,262,426,384,477,991,1003,974,911,1270,1285,1157,1262
BRD-K26148755,678,652,1114,1097,1216,924,553,1321,1117,1151,1209,1120,1151,1270,1088,1176,949,736,958,734
BRD-K49669601,679,672,54,473,49,825,1294,1288,34,1334,751,1350,5,310,51,306,28,1127,392,1084
BRD-K82041810,680,894,523,805,386,995,1018,1082,435,520,383,560,189,151,117,146,903,1067,765,915
BRD-K80553643,681,255,1267,1250,855,365,746,1179,1136,774,1119,872,1308,1020,1308,1123,894,908,845,953
BRD-A22769835,682,1314,1017,1000,724,246,229,457,1254,1144,1336,1213,1156,865,1008,1091,1259,1058,1285,1257
BRD-K91351577,683,360,752,810,87,117,580,1021,1391,981,1383,954,868,1026,801,937,1181,1075,1160,1055
BRD-K67013324,684,947,964,992,1203,1111,347,260,878,1089,786,1151,1074,749,997,782,535,366,496,447
BRD-K44712456,685,536,356,48,729,391,548,1271,1009,1341,990,1315,811,224,694,238,272,1229,314,1204
BRD-K91836367,686,504,766,1208,383,277,1138,971,47,251,32,236,284,967,388,898,30,232,59,233
BRD-K34441861,687,868,1056,672,853,350,435,693,713,403,762,426,1105,266,1118,287,615,152,614,119
BRD-K39337865,688,924,1257,1011,1281,974,250,468,506,239,502,278,1142,1032,1080,943,411,15,434,23
BRD-K16009699,689,442,987,1069,1006,239,1102,1311,1299,1261,1272,1234,1188,1043,1110,971,1028,874,982,870
BRD-K66299073,690,835,261,133,991,729,903,792,1092,648,1129,658,625,576,617,478,609,126,653,218
BRD-K86846131,691,307,595,1051,527,408,1339,1371,881,1223,920,1195,311,428,238,442,827,1087,932,1060
BRD-K15108141,692,104,624,316,427,223,846,978,1212,1026,1139,1089,641,468,725,319,1168,887,1114,981
BRD-K67445247,693,497,1194,516,1211,244,177,369,907,178,889,185,1324,961,1312,957,455,103,280,93
BRD-K23154136,694,557,287,9,1312,831,5,32,107,1088,101,1017,1273,1013,1164,1049,342,820,284,759
BRD-K66093087,695,1162,1067,1068,885,661,550,308,899,664,1064,577,684,892,977,801,913,428,1086,407
BRD-K99605820,696,185,780,723,248,606,714,404,511,515,431,453,649,429,549,388,690,227,707,196
BRD-A71009679,697,425,1248,1156,1181,396,477,581,869,645,971,581,1172,629,1247,690,887,655,985,602
BRD-K19294102,698,1376,147,268,646,792,442,121,1027,1115,1185,1198,784,928,901,1101,1228,1130,1319,1217
BRD-K56215045,699,653,1111,1279,887,1289,458,17,1002,224,1056,304,1046,1188,917,1113,1089,97,1091,128
BRD-K25522720,700,292,1025,1327,109,402,1259,850,938,271,993,241,290,533,252,520,832,261,844,235
BRD-K88092133,701,457,1387,1329,1296,1312,898,1043,1304,890,1315,828,1371,1373,1341,1310,1121,149,1155,254
BRD-K89029303,702,349,1276,190,1179,1169,95,140,1338,751,1238,642,1393,1340,1384,1304,1304,252,1274,242
BRD-K22080587,703,849,720,998,1316,1344,1186,171,359,1063,683,1011,771,1314,821,1355,255,860,318,896
BRD-K46295497,704,977,768,710,619,719,1164,1210,1287,1140,1152,1113,484,791,579,785,874,1074,854,1039
BRD-K29345712,705,791,1133,416,944,827,24,74,1100,1169,950,1194,1194,1209,1265,1149,948,407,798,486
BRD-K39339537,706,1369,471,603,674,1117,413,293,112,587,559,439,288,714,622,1079,158,780,235,592
BRD-K07107626,707,727,664,1105,476,598,607,406,223,68,167,60,941,985,964,972,164,800,189,828
BRD-K00664012,708,903,641,501,535,360,837,587,351,633,601,773,317,599,368,650,477,775,801,822
BRD-K80342168,709,170,1341,1366,1352,1374,130,669,904,647,926,636,1297,1397,1361,1392,385,11,431,7
BRD-K92967637,710,1194,1119,924,243,192,534,345,241,305,298,345,608,422,552,415,474,1160,551,1140
BRD-K95328825,711,731,1317,45,1095,476,15,338,462,74,497,66,1363,294,1360,290,947,962,781,711
BRD-K47761761,712,469,1040,1030,1242,1210,516,567,561,285,494,289,935,1267,1019,1223,427,398,378,420
BRD-K71404640,713,1091,629,792,617,747,637,595,1075,220,1072,227,1235,1182,1190,1078,681,255,685,292
BRD-A29009894,714,944,839,1261,960,1084,385,696,846,976,860,1191,709,708,623,974,512,954,274,1032
BRD-K84468307,715,689,135,122,328,131,814,1224,712,263,655,204,540,383,415,400,1094,1089,1179,1176
BRD-K68166950,716,839,372,640,542,872,899,425,265,362,247,419,132,521,115,495,567,1153,576,1125
BRD-K73146135,717,793,63,212,29,254,1017,1154,1347,1394,1335,1382,68,1078,145,1124,193,1298,332,1213
BRD-K24175855,718,378,896,929,614,580,1187,1046,1125,1227,1126,1231,752,420,621,432,996,1286,966,1267
BRD-K68937877,719,333,591,1015,901,475,1280,1250,1063,1225,899,1199,175,140,200,163,1146,1176,1126,1152
BRD-K58930050,720,975,830,1379,1212,1285,185,85,13,364,5,342,556,1305,641,1341,6,179,5,138
BRD-K57087594,721,366,332,714,126,133,959,1314,897,533,804,287,441,625,494,511,807,633,808,644
BRD-K73388776,722,1305,470,312,563,1081,689,344,724,699,728,637,596,334,583,328,1021,529,1064,547
BRD-K71225733,723,103,1203,227,1208,417,389,211,525,730,534,608,1086,1016,1066,1038,103,796,111,821
BRD-A07440155,724,831,1012,678,715,672,394,863,590,526,614,511,975,712,1099,962,558,476,577,383
BRD-K89271983,725,1134,416,510,148,219,696,554,589,571,591,615,509,278,522,318,454,471,362,361
BRD-K06432680,726,548,387,274,1042,699,141,876,828,958,823,869,997,740,1060,841,677,705,631,667
BRD-K76896099,727,389,1076,690,444,153,463,575,137,630,123,661,786,285,745,295,1062,1065,906,1049
BRD-K47463456,728,732,349,173,556,532,811,31,1110,431,1121,481,632,1300,631,1230,463,854,589,862
BRD-K26362026,729,1282,522,13,91,6,658,1239,632,1056,623,992,695,893,550,812,243,1317,251,1301
BRD-K95361366,730,585,1032,567,218,29,401,365,439,922,509,994,818,1068,832,877,1042,1202,1096,1211
BRD-K05130619,731,272,696,347,768,653,904,400,1148,578,1214,529,1119,439,1121,437,1148,627,1170,523
BRD-K99433267,732,692,383,962,488,457,537,285,768,1280,672,1265,629,691,507,527,215,310,156,362
BRD-K52721673,733,704,364,1256,839,1281,1133,748,1022,1367,946,1351,339,423,382,417,1219,986,1169,971
BRD-K22828860,734,852,926,426,611,371,314,420,898,931,907,1012,952,496,878,396,864,630,872,684
BRD-K81838897,735,184,586,104,143,257,1154,1326,132,67,227,93,392,195,439,207,453,536,626,597
BRD-K64881093,736,728,578,1066,481,410,143,311,323,92,551,68,800,772,911,796,783,132,909,144
BRD-K70797508,737,917,441,1235,34,519,1312,722,26,3,7,4,160,1334,100,1266,393,131,400,153
BRD-K18589989,738,329,350,352,387,215,749,356,126,289,64,264,595,1231,610,1200,59,145,52,113
BRD-K77545824,739,368,973,1336,737,1105,426,646,753,1163,764,1185,310,372,333,369,723,1120,753,916
BRD-K83675132,740,331,105,175,274,167,887,1171,1231,867,1232,857,366,77,300,89,1116,1333,1119,1305
BRD-K45532244,741,934,468,143,1209,932,395,65,144,261,177,301,587,254,1015,267,374,1205,514,1175
BRD-K28453807,742,1099,675,963,1046,1132,410,380,533,948,426,902,1014,721,995,781,646,230,525,264
BRD-K23313025,743,950,856,937,249,260,965,208,547,767,506,811,600,518,523,536,219,120,175,122
BRD-K44136596,744,212,1078,142,1319,1288,1015,1040,895,615,768,643,1050,890,1127,760,217,173,155,189
BRD-K89491100,745,1367,649,483,414,649,671,493,504,232,474,252,511,1162,517,1122,1225,1309,1176,1289
BRD-K54048734,746,1255,397,975,904,657,241,905,89,708,78,715,782,231,751,243,327,1040,393,1016
BRD-K18999740,747,571,341,107,152,61,1094,242,113,653,274,537,123,350,263,334,313,762,384,800
BRD-K92232855,748,988,207,260,397,389,944,319,953,1296,1169,1327,261,798,309,713,523,1219,497,1189
BRD-K19888970,749,1150,220,733,281,861,1096,644,76,734,27,717,141,220,87,226,44,330,21,342
BRD-K03406275,750,1069,329,780,1299,1299,988,389,389,1066,405,1033,435,453,417,441,171,388,211,460
BRD-A89067742,751,509,388,288,1034,1037,649,1053,555,479,366,522,699,866,836,826,280,168,174,165
BRD-K32710582,752,1108,1299,1313,1091,979,344,632,930,614,847,601,931,1116,1096,1114,388,246,388,257
BRD-K78268279,753,1165,1006,1282,581,588,999,461,1045,760,1124,761,282,690,430,648,576,1063,819,1047
BRD-A23226398,754,318,1093,1052,486,489,502,647,952,655,909,740,1226,943,1225,859,1273,594,1292,704
BRD-K24465470,755,948,75,72,316,1165,758,691,719,1160,704,1166,289,137,170,153,712,254,605,252
BRD-K52515416,756,539,1342,1388,910,103,682,296,822,246,685,288,541,620,495,589,1328,922,1307,925
BRD-K26373640,757,471,1282,1025,1206,432,270,736,611,690,641,603,1043,827,1206,795,376,496,373,465
BRD-K22643403,758,338,12,536,46,377,1161,768,378,420,499,518,222,432,204,329,850,817,1013,848
BRD-K90630790,759,855,110,1014,67,431,1355,588,269,118,220,138,205,991,151,773,826,200,829,202
BRD-A41722204,760,1132,1082,1204,809,846,584,339,329,252,212,254,875,794,757,827,259,570,210,555
BRD-K03779476,761,1185,367,1171,762,738,604,366,40,1264,89,1236,865,818,642,903,824,987,317,909
BRD-K93376546,762,1004,1349,1353,1246,1154,473,450,1203,775,1031,826,1253,1052,1033,918,1142,482,1035,327
BRD-K01329157,763,937,743,928,679,338,1001,865,321,448,290,492,693,142,655,165,530,451,527,522
BRD-K98956791,764,1135,1085,1343,858,1025,1168,1356,796,1350,894,1344,1089,1366,1178,1305,1046,1301,1044,1335
BRD-K80223377,765,254,1231,1153,1113,1218,329,798,585,1243,665,1228,1168,1132,1167,961,330,32,361,50
BRD-K93538891,766,1182,201,286,765,694,1113,1175,996,1281,1034,1258,232,115,272,132,1188,1266,1195,1236
BRD-K88361133,767,1294,204,144,156,287,1192,1005,924,1288,936,1306,264,593,416,490,1118,920,1221,1018
BRD-K40224283,768,482,1226,639,686,83,531,315,857,342,922,445,1066,167,1138,137,1214,815,1282,954
BRD-K03448064,769,750,709,552,636,306,703,1296,219,851,104,819,866,79,736,95,1143,1270,1103,1249
BRD-K60600704,770,828,1154,1199,366,404,769,555,595,127,562,157,602,1050,551,959,1290,1158,1271,1139
BRD-A79237180,771,498,294,950,380,1092,802,336,74,482,41,556,298,1385,223,1380,4,27,2,22
BRD-K81131579,772,1086,469,855,375,464,1037,1236,1028,1127,870,1126,225,526,467,420,1327,1200,1253,1192
BRD-A56592690,773,279,290,406,1344,1339,1320,1262,780,549,717,561,383,611,480,678,1341,1178,1301,1165
BRD-K98143437,774,477,1210,751,942,378,136,723,948,1102,1054,1097,946,382,1109,425,540,1068,443,1015
BRD-A34907681,775,1155,618,790,685,1023,552,152,175,999,207,973,605,998,618,998,165,624,241,619
BRD-K99718824,776,346,255,1146,376,604,831,1025,862,777,815,803,710,1396,755,1388,759,1041,780,1073
BRD-K38290133,777,954,1214,767,970,1240,108,434,837,886,944,887,1044,1161,1126,1095,1111,41,1145,89
BRD-K96527333,778,1094,1179,1017,1253,1126,364,423,740,352,587,251,1243,1057,1200,955,580,646,584,643
BRD-K58869323,779,1053,357,185,1162,1245,654,600,683,1212,654,1179,785,644,718,613,1063,1257,1015,1231
BRD-K04136539,780,896,307,987,94,168,1068,1149,423,530,364,633,400,353,294,383,751,734,721,700
BRD-K80044001,781,364,116,1077,277,8,1264,1155,1256,904,1275,927,319,201,225,179,1065,1241,971,1177
BRD-K46769156,782,1312,736,586,215,63,31,46,959,1149,984,1267,1035,612,1004,687,1202,835,1262,793
BRD-K62536321,783,760,701,259,384,77,1223,1380,424,566,421,597,1179,1271,1087,1206,176,521,146,586
BRD-K89986699,784,720,1268,985,613,80,744,997,1006,554,965,520,1099,945,1220,940,703,1300,689,1270
BRD-K35090513,785,1193,977,1157,865,570,225,1289,1107,1041,1162,944,947,1041,1058,1190,1005,1071,1045,1094
BRD-K72516992,786,680,967,986,1144,352,488,936,1258,783,1213,860,1339,1275,1294,1185,1297,774,1277,758
BRD-K65138538,787,546,564,1098,428,655,760,445,699,1277,735,1252,1023,1273,958,1208,109,87,141,133
BRD-K21630495,788,286,1370,154,1380,1335,2,34,550,1232,581,1170,1272,1365,1337,1354,305,63,340,82
BRD-K84175871,789,878,1049,152,690,191,357,410,877,1096,1108,1070,1157,999,1229,1016,806,1002,980,903
BRD-K60159779,790,787,1055,682,907,723,216,1223,981,1235,967,1207,1233,756,1251,691,872,516,848,584
BRD-K14965640,791,1152,835,633,1163,749,304,189,86,656,116,640,674,514,932,634,144,369,202,386
BRD-A60070924,792,1257,997,293,1011,1045,190,175,629,321,303,81,1131,996,1309,1364,798,808,593,740
BRD-K13513398,793,508,1318,1370,1110,1310,632,775,369,595,343,629,1186,1355,1149,1311,299,203,385,205
BRD-K98988337,794,332,1316,1183,988,225,118,198,1060,179,986,258,1352,532,1305,497,1357,1237,1356,1241
BRD-K75323473,795,823,1157,1191,515,376,570,643,243,865,292,852,1126,1374,1132,1345,688,1005,831,985
BRD-K64368934,796,1277,394,332,608,759,871,1216,209,539,175,551,824,950,663,797,861,975,836,908
BRD-K14214369,797,1038,58,4,36,4,1287,1227,360,198,304,186,92,29,141,42,1023,676,695,491
BRD-K45077070,798,1048,129,519,194,332,848,1111,257,440,374,602,362,542,385,515,356,671,416,764
BRD-K81783531,799,611,1358,836,1373,741,58,509,1018,772,999,690,1370,1294,1366,1265,815,180,644,158
BRD-K76933066,800,200,970,575,826,527,112,479,860,414,820,369,1091,1191,1204,1219,504,65,426,32
BRD-K32885145,801,873,510,320,881,450,1035,913,935,528,1040,665,461,409,573,421,925,214,981,297
BRD-K88078052,802,864,634,594,482,1258,1058,1184,764,1031,833,1000,487,233,478,244,301,1010,351,991
BRD-K42541148,803,463,1097,1004,1071,499,180,994,1161,1037,1202,1023,1300,408,1334,471,760,374,651,336
BRD-K94509791,804,305,773,1229,553,539,715,964,198,719,340,714,256,888,381,866,146,467,153,392
BRD-K29662826,805,1130,748,1103,974,1060,946,884,478,1108,504,1067,670,1018,665,932,867,272,837,347
BRD-K77162730,806,97,975,1369,928,1080,751,67,25,6,22,6,399,1313,436,1322,216,345,436,484
BRD-K43874853,807,777,925,425,873,1160,258,840,543,119,576,69,1137,572,987,653,1010,647,855,442
BRD-A79903587,808,245,200,816,234,935,985,426,613,413,743,526,194,1007,356,916,264,499,451,554
BRD-K10064333,809,330,1297,981,1326,1392,1022,590,5,42,4,51,466,441,585,428,100,949,228,945
BRD-K48823327,810,441,1100,1252,598,555,201,325,526,164,403,168,1025,1193,1043,1134,600,432,490,454
BRD-K72913684,811,1234,1061,1178,922,188,800,993,421,109,389,128,1240,674,1208,640,986,555,994,580
BRD-K78918239,812,768,542,15,926,753,199,136,942,75,825,123,762,698,772,647,456,465,545,492
BRD-K68246261,813,540,137,204,958,882,728,1226,947,1276,854,1201,462,131,455,124,662,1357,616,1344
BRD-K79410674,814,512,178,983,996,1383,1257,28,65,1050,146,1007,179,876,205,649,55,16,144,15
BRD-K76729250,815,1057,1294,1324,1236,893,91,466,1023,705,1134,433,1282,1063,1346,1229,1071,868,1205,1033
BRD-K62767164,816,688,1057,1114,908,996,1073,1180,772,534,706,572,578,588,548,555,291,68,358,108
BRD-K42056004,817,583,1163,1330,1094,1015,507,361,766,58,639,24,1249,1248,1271,1256,515,785,813,739
BRD-K30685142,818,1380,1271,850,1101,991,115,162,994,728,1101,598,1199,1255,1250,1357,423,422,569,300
BRD-K15955205,819,1386,400,460,222,326,628,615,840,417,599,406,706,1335,723,1321,800,906,656,812
BRD-K79001525,820,667,638,1150,394,617,1005,957,1311,1370,1281,1353,411,461,426,444,368,386,404,457
BRD-K27006579,821,1051,1356,1295,1267,832,10,713,371,199,238,191,1395,1371,1386,1342,429,8,356,9
BRD-K74507776,822,311,491,846,548,744,790,1134,46,381,151,336,131,900,539,832,239,321,732,318
BRD-K42142217,823,1014,456,493,805,949,803,730,402,280,361,280,657,1224,680,1137,650,314,662,323
BRD-K17333907,824,1286,236,675,259,889,1295,460,621,1124,759,1214,99,949,82,825,53,652,78,605
BRD-K02427049,825,1068,306,387,1123,1147,506,432,894,674,1023,685,338,218,304,230,745,1051,777,1028
BRD-K83756286,826,1176,1399,1346,1399,1382,282,990,706,200,508,129,1384,1381,1364,1363,940,861,742,876
BRD-K16980601,827,804,342,860,309,437,1347,1318,160,1299,561,1309,103,1093,187,1001,625,984,826,1024
BRD-A93269281,828,424,1098,1258,1115,294,36,746,758,34,781,30,1332,259,1345,195,1058,150,1113,102
BRD-K50266413,829,1107,311,262,202,298,733,819,786,1072,736,1145,536,529,538,774,731,1057,606,1072
BRD-K74338856,830,373,506,707,468,353,324,1017,1038,1213,947,1186,239,608,284,578,1329,1183,1306,1163
BRD-K53183074,831,489,1116,1262,1125,1336,398,464,1058,625,1163,728,741,1277,927,1249,904,1039,957,1030
BRD-K01037390,832,939,861,422,612,566,60,223,871,1073,883,1037,1269,1317,1245,1255,995,827,973,833
BRD-K10006632,833,1374,1285,535,949,1131,727,1305,992,1093,980,1056,1096,1080,1020,986,525,1088,547,1069
BRD-K02240493,834,193,1167,405,1057,448,206,563,726,15,524,8,1130,86,1140,144,360,679,239,617
BRD-K34816161,835,733,488,386,643,129,1032,1244,1277,1271,1217,1242,492,196,502,208,1003,656,955,691
BRD-K65093687,836,985,548,338,684,1051,602,248,226,399,139,408,812,1106,747,1062,194,610,130,595
BRD-K92656786,837,455,982,1020,778,841,585,874,815,182,837,197,1075,536,1084,629,747,334,733,370
BRD-K94557542,838,671,993,1214,807,173,927,561,774,558,727,532,591,547,556,508,563,828,748,790
BRD-K68279832,839,892,875,477,1118,405,278,482,1274,1143,1252,1115,1101,807,1040,714,555,917,519,892
BRD-K62932832,840,997,1240,1060,1079,1381,1016,729,1198,563,1142,596,279,281,283,294,1157,1079,1127,1059
BRD-K95352879,841,434,53,2,361,634,269,109,222,508,131,414,558,190,566,276,104,109,48,109
BRD-A31800922,842,663,1357,891,1153,266,153,146,1127,799,996,729,1302,539,1307,614,507,266,493,199
BRD-K88556033,843,1063,482,357,273,289,1091,1129,513,1158,529,1108,309,135,251,149,849,957,776,889
BRD-K71214345,844,325,1283,1337,918,593,163,39,1394,1172,1386,1142,1296,1225,1215,1143,1375,1374,1360,1362
BRD-K02354331,845,908,796,131,699,545,951,883,936,1133,962,1159,810,587,883,590,311,106,428,125
BRD-K88822846,846,810,651,711,1072,607,639,200,977,1080,948,1003,480,397,412,418,624,514,439,232
BRD-K51431550,847,1067,911,1024,295,169,532,1349,1307,1396,1319,1393,465,860,401,775,343,1134,248,1115
BRD-K81514393,848,246,289,496,475,783,901,935,195,1348,240,1354,343,389,231,389,882,930,1053,1043
BRD-K42693031,849,637,1031,870,1233,1124,620,1193,989,1020,1100,1059,1090,1268,1078,1248,508,713,446,686
BRD-K51498721,850,577,902,858,166,637,765,551,1113,1300,1015,1281,220,203,227,216,439,478,502,552
BRD-K48654093,851,464,757,1165,695,1184,857,889,664,1070,615,1110,357,112,267,119,1237,735,1209,860
BRD-K06514792,852,696,783,112,440,1149,182,724,87,192,360,235,1058,905,979,819,1280,1099,1182,1078
BRD-K28460793,853,1050,994,1192,1069,897,934,899,1246,806,1246,754,250,119,307,152,489,1244,660,1205
BRD-M45755366,854,1361,1348,909,1302,1093,174,362,273,159,337,177,927,123,936,140,851,768,978,779
BRD-K20914452,855,248,1018,1197,672,890,92,22,116,35,162,54,854,1031,931,965,743,66,926,103
BRD-K70590207,856,1371,840,917,1088,1321,352,234,647,568,513,496,949,1234,1016,1348,689,873,578,835
BRD-K40910787,857,726,1092,857,181,220,785,447,1194,1167,1168,1137,502,586,472,553,1258,996,1225,977
BRD-K58225827,858,180,614,745,792,1278,1246,1173,296,407,299,461,155,702,167,658,229,1223,256,1194
BRD-K51579714,859,562,173,279,329,967,1215,220,19,28,23,37,51,623,61,593,145,466,290,534
BRD-K69237309,860,1297,551,865,891,1238,1117,655,972,1186,1048,1160,318,416,293,407,135,903,191,907
BRD-K81214387,861,314,1379,1356,1141,58,453,232,1140,843,1161,843,1361,1037,1379,1069,1241,702,1228,706
BRD-K13049116,862,144,122,218,54,27,1220,1266,906,1029,855,1073,104,14,81,10,1025,1193,998,1198
BRD-K87458009,863,841,395,232,789,411,1208,1310,711,1349,810,1326,324,843,469,762,493,976,789,964
BRD-K90045406,864,432,404,1238,573,514,978,579,170,183,197,224,231,1352,249,1301,499,348,573,431
BRD-K46476822,865,662,537,1009,1160,939,1088,1103,510,100,567,130,848,1283,837,1214,639,221,680,295
BRD-K06800040,866,1075,853,1075,814,732,380,254,870,866,678,867,775,1318,762,1300,354,522,240,525
BRD-K12105018,867,1078,592,361,694,292,926,697,345,1201,932,1157,416,1110,710,1025,1036,1243,1165,1256
BRD-K21668646,868,693,1080,997,342,480,591,787,379,76,397,101,987,228,874,241,725,512,711,581
BRD-K38176517,869,1254,1124,1070,201,144,643,1252,1244,813,1237,807,437,313,360,326,871,546,783,607
BRD-K91485395,870,1026,1009,823,803,178,200,463,872,1136,776,1144,995,170,1025,182,341,539,310,544
BRD-K08999871,871,125,218,30,964,1190,528,703,1199,909,1241,1063,791,601,721,710,1139,1342,1102,1346
BRD-K20079620,872,909,210,322,755,1300,1277,987,1306,1179,1224,1147,363,1203,384,1115,593,795,726,808
BRD-K94516855,873,609,1237,1376,759,409,1101,1307,677,384,662,440,1202,1096,1125,1003,293,703,413,719
BRD-A26845397,874,556,1218,1233,667,179,93,81,524,583,557,599,1169,1051,1231,1082,286,694,263,710
BRD-K55160246,875,751,632,657,311,1016,1365,1315,194,1304,262,1287,106,153,130,172,367,914,492,917
BRD-K15804688,876,1256,807,585,1393,1355,85,192,663,564,570,540,1347,1370,1331,1352,513,91,495,116
BRD-K95992530,877,799,588,959,716,203,376,216,95,121,30,140,838,671,819,558,179,36,147,31
BRD-K25539387,878,306,988,599,260,1323,257,857,618,1219,604,1192,626,473,597,452,767,1226,772,1199
BRD-K20857608,879,772,384,105,503,293,563,705,471,505,412,544,1224,1391,1165,1372,620,1220,632,1193
BRD-K66621600,880,1343,442,662,160,803,1210,1061,1379,1322,1375,1299,64,57,31,67,1193,888,1147,890
BRD-K99335646,881,293,370,281,738,163,237,351,1160,1355,988,1334,932,216,1022,227,812,338,788,421
BRD-K15973523,882,756,72,752,265,751,1029,35,991,959,1033,970,95,1210,127,1181,933,491,910,548
BRD-A61392169,883,865,386,803,546,994,125,228,756,844,646,692,652,1025,603,1110,438,982,213,950
BRD-K02315366,884,872,672,383,851,139,799,995,1056,1135,966,1102,1019,688,876,525,1344,1152,1358,1164
BRD-K56328447,885,682,93,64,110,135,875,1245,1044,619,1106,641,656,217,537,211,577,137,488,179
BRD-K57580310,886,814,1037,927,978,1101,369,500,674,840,617,832,905,192,841,205,1135,637,1076,682
BRD-K44497846,887,1172,545,1110,776,1003,670,183,191,306,246,222,513,1179,741,1155,76,304,67,259
BRD-K29834132,888,1163,597,443,1043,1134,702,879,52,55,43,65,468,537,477,509,466,977,489,965
BRD-K98990727,889,1046,509,106,1120,866,515,455,217,610,144,508,776,527,669,645,811,641,773,570
BRD-K93157782,890,724,1160,1061,458,106,265,948,1358,1377,1346,1363,1127,646,1029,618,1002,510,951,578
BRD-K24565544,891,1292,1385,1186,1369,1011,170,271,349,105,134,29,1312,789,1358,944,862,389,885,276
BRD-K66857089,892,214,602,317,255,73,1053,1063,1096,627,846,660,579,273,596,289,1362,1281,1328,1254
BRD-K26051610,893,521,73,400,272,69,494,1051,165,848,148,839,404,25,364,40,248,183,272,246
BRD-K37357652,894,921,628,1268,252,926,214,262,1164,1003,1014,880,974,1344,823,1323,1166,716,1133,748
BRD-A84098870,895,427,620,1375,223,212,910,264,727,887,677,1001,469,834,359,902,312,730,157,656
BRD-K17976466,896,709,382,1142,819,760,349,9,1264,924,1337,1047,755,1362,558,1314,449,268,505,355
BRD-K82524003,897,1210,308,434,838,625,260,297,1138,483,1057,317,560,823,803,1102,1233,659,1255,633
BRD-K49510739,898,691,1388,1361,1210,233,271,1309,960,394,1022,409,1072,1290,1041,1211,1132,1307,1085,1308
BRD-K81550430,899,1248,439,694,1040,1082,987,1099,1280,518,1269,557,809,1302,733,1231,616,737,617,761
BRD-K85433055,900,959,1286,1138,1370,1203,472,1258,1076,133,1016,149,1307,1383,1214,1359,1038,462,922,432
BRD-K48023456,901,361,966,95,1185,986,277,1207,220,32,192,40,1147,570,1120,540,253,404,253,478
BRD-K02560333,902,729,943,892,364,101,1079,721,334,37,313,49,634,1202,593,1108,1093,1182,1054,1162
BRD-K81763433,903,1349,179,323,40,120,1216,828,352,236,442,272,108,377,88,374,12,22,13,40
BRD-K72199653,904,262,821,676,1263,1354,246,225,268,1004,378,960,517,1055,667,951,349,442,386,434
BRD-K43149758,905,654,1251,1293,925,638,83,131,956,686,954,644,1205,1112,1199,1260,941,1096,647,1010
BRD-K44465671,906,914,587,238,954,944,928,762,204,1005,161,879,904,891,862,817,180,244,176,268
BRD-K41129365,907,1125,637,725,469,82,1025,1198,1167,1142,1205,1165,314,862,461,807,434,807,469,864
BRD-K17698750,908,263,1381,957,1289,1227,67,4,901,994,1011,1081,1353,1245,1372,1216,670,86,559,69
BRD-K30935394,909,156,899,296,859,23,23,824,1340,1306,1370,1235,1275,874,1252,873,1274,1377,1320,1371
BRD-K09527783,910,1279,127,34,794,66,576,956,540,310,505,347,969,628,861,599,1269,1013,1215,993
BRD-K97722864,911,1019,373,999,341,291,1342,967,30,150,65,122,28,244,49,218,74,328,163,397
BRD-K54839171,912,402,1350,1359,1318,1328,333,682,1036,1064,822,1032,1228,1384,1090,1374,140,206,129,302
BRD-K74407269,913,971,159,478,276,361,979,1104,961,1107,952,1074,417,704,374,706,470,557,478,576
BRD-K81052803,914,567,1273,953,800,1141,198,521,409,1081,390,1045,1132,824,1056,743,875,561,863,616
BRD-K51475868,915,953,193,895,459,181,365,1047,168,900,160,885,639,509,625,488,418,832,475,839
BRD-K40471863,916,1166,428,413,267,383,866,767,1278,1312,1307,1289,516,138,314,117,819,619,681,572
BRD-K06723172,917,845,514,537,251,321,455,1117,692,205,552,46,744,315,856,317,942,599,967,593
BRD-K40078199,918,755,550,134,754,766,1071,1370,167,1221,181,1264,330,147,351,151,672,571,866,712
BRD-K88008216,919,853,353,796,578,1053,1292,1056,370,711,477,704,448,754,459,752,710,1084,913,1052
BRD-K07418207,920,294,1151,521,1271,149,557,1269,1192,1391,1192,1387,1348,364,1289,363,1244,1149,1233,1134
BRD-K99310510,921,785,1265,1170,876,700,590,472,648,872,627,861,1064,275,1011,291,32,181,43,245
BRD-K29256470,922,973,1121,480,1056,170,111,1183,1313,1259,1298,1246,1315,204,1263,194,1236,894,1201,813
BRD-K09973807,923,1090,298,216,833,718,1054,908,1249,580,1009,514,1083,731,966,715,1321,1020,1276,947
BRD-K34130171,924,986,1355,908,1251,526,514,1213,1316,1316,1340,1325,1385,1217,1373,1196,1303,1171,1338,1258
BRD-K59247792,925,278,833,832,230,193,796,281,833,841,949,958,630,633,582,583,588,520,558,556
BRD-K84625203,926,1156,1090,915,786,207,625,1256,1294,720,1321,655,1103,655,1141,657,1194,921,1239,1007
BRD-K03358980,927,962,1230,758,1143,230,640,894,1085,830,1051,862,1337,598,1283,636,1182,394,1158,449
BRD-K74429632,928,699,888,435,710,488,806,284,394,237,406,248,772,84,722,105,775,890,823,922
BRD-K73205140,929,1329,271,348,1051,993,874,681,1319,1291,1326,1322,631,121,591,145,1356,534,1368,688
BRD-K08378202,930,593,882,644,951,1287,1285,1284,96,202,98,243,1037,1349,993,1295,1098,1327,1084,1306
BRD-K11483659,931,955,1011,1005,1062,500,462,950,455,129,447,183,1195,1077,1168,1041,1103,1090,1067,1071
BRD-K18865856,932,543,1027,812,665,119,42,328,1087,1131,1180,1072,1159,737,1281,790,241,300,249,212
BRD-K64994968,933,1178,354,757,804,1109,854,1084,242,687,237,680,385,765,450,712,334,446,343,426
BRD-K33483813,934,397,1313,1243,1014,560,62,174,838,729,924,780,1227,1038,1377,1375,906,728,942,674
BRD-K55992427,935,528,890,468,287,497,989,1346,58,315,57,350,923,849,854,768,1084,886,1041,888
BRD-K19295594,936,281,398,598,1230,1136,1097,1125,916,1027,1027,1048,764,676,829,733,1367,1303,1366,1313
BRD-K89020690,937,1287,1262,1112,484,311,551,69,256,502,266,364,613,956,441,1050,89,72,77,46
BRD-K16347954,938,566,1183,1092,634,237,134,689,1367,773,1365,920,1175,913,1116,836,823,402,876,485
BRD-K75644678,939,819,275,304,417,669,736,258,353,695,214,628,397,986,318,1037,395,500,258,471
BRD-K60918127,940,1354,626,194,322,39,718,1090,1297,1297,1313,1275,665,98,531,113,1114,1246,1143,1220
BRD-K41520544,941,1285,648,691,457,100,1131,1121,468,231,471,268,861,255,792,268,127,6,120,11
BRD-K69449918,942,963,1232,969,1178,755,642,781,866,995,783,1010,1140,1218,1014,1172,335,171,313,188
BRD-K54029516,943,1365,671,121,500,1021,460,292,1217,1382,1098,1359,151,171,121,219,663,1104,454,1058
BRD-K07008972,944,1384,558,977,975,1223,698,659,633,188,491,116,869,1071,896,1175,976,941,1117,1044
BRD-K13146765,945,603,940,1245,392,495,358,123,346,255,257,218,588,1005,485,1071,260,260,152,145
BRD-K62590692,946,1181,684,843,801,1055,974,965,806,1125,773,1093,304,1343,326,1289,758,1061,794,1046
BRD-K65851733,947,677,252,451,76,36,1245,910,110,218,179,221,67,62,72,87,188,519,301,503
BRD-K56079297,948,876,337,608,682,1097,1284,1299,1197,906,973,812,229,114,282,115,357,38,347,63
BRD-K39014692,949,820,1156,283,1098,271,165,821,1250,745,1225,851,953,561,866,516,1240,850,1174,887
BRD-K12623437,950,315,860,433,591,55,409,83,1025,457,1079,411,843,1153,780,1157,606,564,524,495
BRD-K10709111,951,1113,390,984,206,1205,1193,1013,1381,1385,1380,1391,216,284,154,311,821,475,795,500
BRD-K80597067,952,1207,1304,931,1139,713,835,592,1155,1113,1127,1080,1335,934,1278,845,1000,752,961,773
BRD-A41228941,953,1253,530,497,597,712,517,59,182,20,191,27,644,703,645,659,596,247,663,322
BRD-K37174007,954,813,1086,1041,1287,572,1090,1341,767,770,748,768,1281,1044,1222,953,1185,569,1166,629
BRD-K71932341,955,1112,903,753,898,829,571,414,1057,744,935,771,878,176,907,190,1242,501,1199,571
BRD-K64641861,956,359,396,1264,25,13,881,13,23,262,70,354,129,410,255,422,26,517,80,551
BRD-K51557114,957,918,950,921,696,564,89,671,979,749,821,653,1242,1183,1273,1186,548,367,433,325
BRD-K92754298,958,664,101,388,451,151,700,878,551,1319,535,1255,272,16,175,21,1051,1046,930,997
BRD-A08662020,959,902,726,825,1260,1264,971,931,1121,1270,1176,1279,879,944,899,855,387,281,366,213
BRD-K75666689,960,1372,633,258,421,460,474,783,1043,1234,963,1206,495,534,512,506,912,981,889,966
BRD-K72624437,961,1261,1309,376,659,40,437,752,820,934,802,914,1237,1232,1227,1159,1206,1131,1183,1113
BRD-K77789137,962,551,1071,554,752,334,156,1016,1042,325,1026,318,1068,487,1146,586,549,537,427,528
BRD-K79841204,963,604,211,132,680,733,547,759,1191,1097,1130,907,548,23,613,48,1150,549,1082,496
BRD-K42427050,964,283,1079,424,1192,772,1231,1231,264,383,297,420,434,568,434,627,643,1282,655,1250
BRD-K65261396,965,928,661,778,496,628,666,1035,1169,1245,1058,1209,928,1117,763,1056,797,635,841,697
BRD-K75264577,966,449,1005,336,1342,1272,261,322,474,475,416,437,723,1143,634,1077,542,618,537,702
BRD-K89699317,967,186,502,1386,595,1246,672,33,118,319,85,382,500,1354,323,1349,175,48,188,85
BRD-K42471691,968,836,1270,705,990,636,421,707,583,490,479,405,909,610,892,676,154,24,64,21
BRD-K37141476,969,418,1266,1316,773,917,469,448,978,698,897,657,797,1289,849,1313,487,605,391,603
BRD-K69598982,970,1259,688,145,1016,300,457,1050,355,1094,310,1057,481,66,425,78,902,1262,907,1234
BRD-K69470111,971,533,1139,1289,769,530,701,1089,293,474,279,330,566,335,834,263,129,423,260,450
BRD-K57565683,972,1102,627,841,294,177,415,194,579,59,515,74,724,559,706,529,177,740,215,765
BRD-K75094920,973,1222,1162,851,821,478,311,1298,1220,1203,1210,1163,1306,1321,1321,1252,671,823,554,809
BRD-K14199536,974,1310,815,1304,941,1294,526,1105,1300,1009,1244,975,1017,1099,950,1005,1248,1354,1219,1333
BRD-K31906558,975,1232,549,78,1149,249,263,324,544,13,600,18,1311,938,1269,849,895,574,864,635
BRD-K22127625,976,1251,503,1132,1346,1216,1114,1389,33,84,37,109,790,242,765,262,541,414,630,490
BRD-A84205515,977,1189,377,467,828,656,778,668,534,358,464,383,698,504,652,546,595,506,481,418
BRD-K20310932,978,303,1173,1325,788,1275,105,27,354,166,281,209,930,1375,884,1365,425,235,420,279
BRD-K36927236,979,1010,1186,768,1150,647,297,789,563,466,569,502,1255,1047,1284,1179,285,481,270,518
BRD-K99306975,980,1328,421,252,906,496,340,864,1269,1101,1266,1061,678,649,598,621,584,878,561,880
BRD-K03088187,981,1023,457,228,952,1075,423,557,855,877,772,559,867,417,750,477,450,238,374,227
BRD-K15513102,982,277,725,82,894,1009,1127,1034,880,784,799,783,814,857,822,776,366,450,333,477
BRD-K19405573,983,1262,157,1116,409,1254,106,5,61,256,28,196,368,1194,325,1148,865,597,943,611
BRD-K57822472,984,700,636,970,161,189,709,1102,318,1052,537,1022,268,53,315,64,494,1310,612,1284
BRD-K53539078,985,1171,913,528,1364,1235,776,427,208,181,241,223,778,573,738,541,250,296,220,373
BRD-K60703528,986,715,1256,819,827,887,256,714,1081,1145,1002,1178,1160,354,1101,349,846,464,828,480
BRD-K23191900,987,450,1144,330,1047,574,797,1214,678,128,900,96,1182,1042,1189,1009,1040,1037,1077,995
BRD-K92707657,988,1183,1386,1273,856,501,144,178,1242,1388,1270,1390,1351,939,1279,858,853,1273,814,1281
BRD-K62214646,989,1043,459,254,168,228,48,44,1279,1360,1074,1290,938,990,740,741,630,1188,365,1100
BRD-K62902879,990,992,647,295,413,375,645,167,466,683,323,635,519,974,403,982,303,771,161,668
BRD-K24468827,991,559,1152,900,1286,542,161,70,914,258,835,206,1317,1216,1347,1217,955,316,921,330
BRD-K71904020,992,866,991,1047,1089,1127,510,440,1369,1399,1385,1399,817,1171,986,1163,486,1271,696,1260
BRD-K38611276,993,1149,1390,1396,228,275,1033,898,1355,668,1364,874,1259,673,1176,531,1368,925,1376,1110
BRD-K51220638,994,535,1184,401,1060,1212,941,732,782,910,755,893,370,177,465,192,114,153,167,206
BRD-K28208028,995,1088,711,749,117,76,915,453,1202,329,961,375,218,19,298,26,655,224,677,296
BRD-K65981470,996,968,566,24,266,127,578,1091,1124,1111,1090,1096,950,67,806,77,1190,1255,1237,1280
BRD-K92740670,997,900,475,126,406,136,805,1172,1151,723,1071,621,787,81,660,85,1309,1150,1303,1132
BRD-K61083743,998,337,26,200,275,1195,1191,989,231,845,330,906,153,577,90,598,254,649,221,747
BRD-K56953341,999,995,710,61,835,868,722,916,1357,1343,1349,1319,297,560,278,532,711,357,759,438
BRD-K21154786,1000,982,1209,1033,447,160,166,130,388,250,196,201,1033,1135,1000,1150,1122,1164,1080,1111
BRD-K52421542,1001,722,486,896,339,791,883,480,94,123,127,153,139,237,148,251,157,1283,242,1261
BRD-K34798063,1002,1047,1252,737,463,162,150,663,305,95,271,92,1165,894,1166,838,1052,385,1060,466
BRD-K20032161,1003,1101,1204,1364,445,720,1043,1092,1145,1210,1073,1177,497,267,518,282,724,695,734,716
BRD-K42420111,1004,658,995,199,494,214,1319,1283,1053,895,955,842,937,630,1023,557,1006,902,1136,1002
BRD-K18241892,1005,527,972,1164,741,716,1112,1304,1017,1346,929,1323,336,371,453,368,631,918,659,919
BRD-K60471354,1006,191,1323,1395,1108,674,1,3,99,2,83,2,1002,1379,1002,1371,207,18,164,17
BRD-K86621086,1007,1007,640,884,1136,278,919,1074,971,1215,867,1188,972,146,840,169,1257,1234,1207,1212
BRD-K29767311,1008,683,1042,264,1338,1159,673,358,601,94,472,47,982,952,1030,987,785,433,740,408
BRD-K97981711,1009,697,1331,1152,1274,867,33,71,728,489,680,491,1338,1368,1332,1344,847,34,699,35
BRD-K95518555,1010,744,114,1,676,243,425,1113,883,1263,915,1278,1093,356,920,337,1154,1110,1098,1124
BRD-K26069906,1011,1298,1320,1158,932,971,771,830,1368,1216,1361,1189,751,564,671,534,1140,709,1097,732
BRD-K59472190,1012,716,331,179,630,146,720,1033,1005,1192,580,1155,424,324,657,258,1165,1350,970,1340
BRD-K69611470,1013,938,572,397,1355,1308,929,543,129,167,128,203,627,709,572,665,251,318,271,399
BRD-K54010839,1014,1223,800,719,319,279,924,287,1255,416,1249,446,585,297,563,296,1147,746,1142,749
BRD-K35158088,1015,930,1185,771,1345,1088,312,499,428,602,260,575,1271,1095,1267,948,1254,125,1218,154
BRD-K40212960,1016,1121,217,651,108,197,950,1027,91,46,102,43,316,852,428,844,465,653,570,695
BRD-K06071925,1017,798,1148,862,1048,483,233,627,481,219,417,212,1206,761,1188,724,880,638,738,588
BRD-K51134784,1018,578,346,17,69,116,1041,1286,275,143,284,178,651,469,686,448,839,1056,882,1036
BRD-K78094112,1019,433,953,885,435,569,251,1076,344,846,517,928,61,380,102,357,262,1133,349,1147
BRD-K03228992,1020,967,334,337,42,232,483,925,1276,1267,1277,1291,774,46,703,45,1325,1367,1340,1360
BRD-K12388484,1021,669,399,415,994,428,1169,1278,1221,1208,1143,1176,837,463,914,467,1155,765,1118,743
BRD-K25604127,1022,1304,553,635,415,664,303,95,1181,1195,1174,1146,545,581,456,563,365,226,285,260
BRD-K82435102,1023,1289,249,118,130,41,762,401,1308,1231,1274,1203,398,1011,380,920,1053,682,1042,705
BRD-K09329774,1024,650,608,956,270,386,1213,1225,1054,1044,1084,1029,291,348,332,275,1067,1184,1081,1190
BRD-K42269438,1025,1327,141,421,624,1172,1121,772,606,921,455,870,410,933,292,941,101,156,46,182
BRD-K96635690,1026,1018,971,1046,1385,1389,627,1081,1147,63,1082,75,1257,1061,1153,1097,1210,686,1168,646
BRD-K08519668,1027,623,1127,1350,840,1331,976,314,835,1345,970,1365,456,502,408,440,571,1101,666,1129
BRD-K88311084,1028,735,1168,587,998,970,396,549,1078,1126,1068,1095,1088,1145,1052,1045,845,997,860,978
BRD-K40332746,1029,1085,540,722,622,858,459,1188,1390,1233,1362,1204,355,222,440,235,1359,720,1337,744
BRD-K49164596,1030,958,559,170,508,708,1301,1302,566,48,543,57,653,705,553,662,809,612,790,658
BRD-K80998388,1031,234,845,509,705,84,780,1219,732,990,690,938,842,182,764,214,371,978,335,936
BRD-K82558986,1032,871,1110,186,1321,902,205,469,1101,380,917,324,1220,867,1226,765,1035,201,1052,243
BRD-K65416438,1033,480,206,62,915,798,1109,1176,750,679,722,687,831,881,758,798,971,1179,953,1158
BRD-K79651181,1034,661,1337,1215,574,770,316,813,1385,1317,1379,1302,1355,1088,1339,1042,1377,1319,1371,1315
BRD-K00740489,1035,617,1161,148,1377,472,26,822,1232,794,1261,899,1354,349,1318,370,975,430,962,416
BRD-K06467078,1036,890,1118,1382,722,620,902,710,716,594,818,546,689,1252,746,1234,383,276,468,343
BRD-K09821933,1037,1081,824,1159,1227,950,1080,980,17,25,3,22,407,693,387,784,231,222,192,174
BRD-K44781077,1038,974,823,538,1195,379,75,560,553,476,457,467,1201,682,1248,617,378,275,364,281
BRD-K28470988,1039,885,746,730,483,473,878,870,884,599,758,668,422,747,716,777,598,714,473,536
BRD-K33116513,1040,589,538,46,81,516,301,1222,1310,1289,1303,1253,804,159,804,237,766,1260,761,1224
BRD-K96646082,1041,1301,788,618,586,1107,145,694,308,859,329,785,827,462,771,498,632,134,725,194
BRD-K20902354,1042,1144,1229,1225,721,343,292,1100,1149,419,1125,472,1251,499,1196,479,1267,1121,1256,1097
BRD-K48066866,1043,1382,1128,1387,1288,1386,789,92,984,1344,888,1332,713,1372,611,1376,197,688,177,762
BRD-A62035778,1044,972,1075,720,852,686,204,976,765,672,806,673,1178,895,1155,828,435,669,143,541
BRD-K28851694,1045,326,1269,1389,138,1222,761,556,313,1154,651,1101,101,1122,446,1152,520,114,771,137
BRD-K80496944,1046,1084,556,590,127,26,954,922,1019,1091,1089,1106,312,263,229,313,1124,1253,1139,1229
BRD-K77774562,1047,408,842,1063,854,1191,321,294,593,135,628,162,679,1204,695,1131,674,215,727,305
BRD-K65633533,1048,1065,764,270,1031,577,546,501,1245,1295,1263,1273,1116,209,1070,221,757,838,766,842
BRD-K91292927,1049,1247,481,1140,388,54,1273,988,381,727,492,766,177,657,254,504,269,1049,286,986
BRD-K90417358,1050,1213,104,231,233,1150,967,1136,292,1076,353,1040,137,291,123,299,35,563,69,620
BRD-K70330256,1051,1283,243,109,308,349,1189,1202,787,1283,801,1260,215,260,239,271,552,819,541,829
BRD-K00549983,1052,324,1347,784,971,164,286,112,1309,1389,1373,1385,1122,102,1238,138,945,1245,1039,1216
BRD-K97175782,1053,421,819,798,1010,826,1057,1234,244,516,311,552,1115,1190,1065,1088,570,381,669,452
BRD-K12604570,1054,879,40,328,455,915,884,1106,482,943,526,924,184,50,159,61,1174,1161,1156,1141
BRD-K00600835,1055,1393,244,395,986,1140,839,395,973,1012,925,941,413,654,345,739,203,515,96,648
BRD-K63811860,1056,181,495,253,797,47,1049,1347,770,926,745,915,227,232,257,206,344,988,464,1013
BRD-K93338495,1057,1273,33,160,99,111,960,11,703,343,659,393,140,1376,156,1347,1286,504,1231,575
BRD-K00842536,1058,846,1196,643,1090,865,982,1247,1182,542,1194,579,890,238,873,252,1279,325,1288,402
BRD-A16754160,1059,875,1155,1230,426,201,239,97,135,101,58,83,813,1174,1055,1228,162,70,139,42
BRD-K81793693,1060,1098,1344,713,1367,276,71,818,1059,1293,1024,1271,1375,751,1344,688,386,29,422,51
BRD-K85769686,1061,1272,455,555,543,847,1146,1295,1114,949,1148,931,623,1048,534,958,792,1228,768,1203
BRD-K57900436,1062,1358,740,326,389,274,392,286,103,663,138,632,919,1243,965,1212,202,915,409,823
BRD-K08725381,1063,1241,1048,1263,823,578,617,382,472,1180,658,1154,391,626,442,595,268,900,627,905
BRD-K42303783,1064,912,895,306,834,399,441,459,277,604,359,617,686,597,595,543,124,39,158,67
BRD-K55462201,1065,1062,1106,427,1304,873,774,1248,1343,1058,1366,1131,1241,722,1327,740,1319,1236,1350,1290
BRD-K65404805,1066,891,858,1021,97,316,942,770,1295,1266,1331,1295,429,516,411,434,1178,776,1286,844
BRD-K72780683,1067,889,698,116,771,851,57,417,316,184,264,150,690,181,851,234,870,741,858,720
BRD-K23414424,1068,1364,38,396,71,259,1157,364,210,791,355,877,234,1163,247,1080,951,1175,972,1154
BRD-K22204517,1069,695,1195,1087,1340,1348,52,185,1224,1148,1197,1118,1286,954,1255,860,1073,1082,1031,1063
BRD-K85906476,1070,1122,123,248,439,662,1267,1253,53,203,93,208,295,578,402,530,788,952,987,933
BRD-K26822808,1071,594,464,334,1002,1193,367,826,1223,805,1234,795,911,262,858,239,1252,1031,1251,998
BRD-K37160016,1072,1096,1147,1227,963,1043,900,958,505,802,319,616,1193,1382,1183,1391,75,89,33,97
BRD-K97166443,1073,801,1336,1381,416,263,1044,1141,1222,248,1191,290,663,141,601,164,1370,1261,1364,1233
BRD-K04623885,1074,393,1000,469,669,552,650,903,891,825,890,802,917,672,938,736,1019,1076,963,1025
BRD-K45615006,1075,1211,877,782,1349,1307,522,295,522,550,532,587,1183,1185,1172,1087,907,502,904,574
BRD-K06772064,1076,960,805,90,1129,290,684,617,1359,969,1099,939,425,1240,1062,1166,1212,1287,1106,1264
BRD-K80954162,1077,1302,1205,1124,1099,983,560,786,1115,623,1133,614,933,276,912,277,1137,498,1162,475
BRD-K40155511,1078,771,1120,404,979,299,264,470,1150,491,1150,536,1365,1350,1343,1298,856,390,871,462
BRD-K94373667,1079,236,259,40,1114,423,13,114,1213,764,1177,709,1279,475,1228,499,1299,1289,1291,1243
BRD-K36115238,1080,847,739,582,1200,965,300,1162,404,972,382,942,806,332,720,343,538,559,528,615
BRD-K54456094,1081,1037,1145,898,872,98,815,1332,1281,612,1327,619,711,111,978,116,648,937,902,963
BRD-K23728767,1082,1221,133,168,158,68,1077,1110,150,392,100,458,386,351,327,341,682,1124,600,1066
BRD-K92419424,1083,561,1020,1326,857,1252,879,409,607,434,480,444,853,1309,790,1343,531,80,370,53
BRD-K77741497,1084,1336,214,292,338,252,1126,765,328,743,346,796,371,973,285,921,142,456,121,509
BRD-K58536094,1085,1058,131,25,134,322,888,700,676,1155,536,1130,620,940,497,803,1141,1211,976,1206
BRD-K20332840,1086,757,103,637,220,611,1145,699,304,456,182,582,206,1083,201,1032,394,148,345,197
BRD-A91699651,1087,956,786,551,691,667,211,421,659,410,693,456,737,745,988,840,522,590,459,535
BRD-K25902954,1088,1240,1280,1234,1217,325,596,744,624,950,602,849,1346,815,1325,811,886,88,879,110
BRD-A71033472,1089,541,140,196,121,75,1275,1281,560,606,558,686,114,32,135,34,359,691,550,751
BRD-K81112982,1090,500,756,689,562,650,1063,1009,492,902,429,787,531,821,419,786,406,393,395,441
BRD-K71552321,1091,880,1176,1198,902,715,203,73,1233,609,1184,448,1266,927,1159,942,1184,373,1121,329
BRD-K78132017,1092,758,533,508,846,571,1172,1338,380,158,344,198,617,143,609,166,33,346,30,429
BRD-K44482328,1093,1204,300,831,1361,1219,160,202,666,233,765,184,1010,718,1092,698,1100,834,1101,803
BRD-K53577657,1094,647,316,240,45,14,1225,1272,1218,593,1182,626,170,70,144,91,924,719,870,742
BRD-K72174974,1095,840,1010,837,638,247,404,506,614,789,635,651,945,580,1017,633,985,889,964,951
BRD-K02055666,1096,1265,919,1193,1381,1367,151,53,1069,326,1007,339,1270,1357,1216,1319,835,295,786,288
BRD-K47611269,1097,984,525,220,199,171,891,577,142,253,118,293,251,99,234,114,195,871,212,871
BRD-K35719087,1098,321,992,234,470,310,90,119,1339,703,1218,593,1007,306,1001,259,1055,418,897,375
BRD-K63077891,1099,435,102,276,430,415,1288,1329,1132,339,1087,468,795,614,635,542,1222,1242,1222,1226
BRD-K15768839,1100,597,770,436,847,817,603,886,1193,1075,1151,1038,1161,1108,1089,1010,1030,1207,999,1181
BRD-K69672581,1101,458,190,201,883,717,1082,458,7,495,11,501,130,859,375,887,266,1025,575,825
BRD-K73397362,1102,550,419,669,286,283,938,1037,133,513,166,592,420,303,448,266,416,856,494,984
BRD-K92884627,1103,1333,1202,966,1327,1200,612,961,588,54,540,63,1133,887,1063,804,1007,210,1011,282
BRD-K24469285,1104,491,662,1080,795,586,949,413,847,1087,863,1049,819,773,768,701,817,843,857,850
BRD-K14417684,1105,1128,326,381,340,1039,970,621,230,304,211,331,346,484,308,465,1170,1360,1093,1342
BRD-K57589644,1106,1355,1149,1290,1138,1385,471,451,1354,1246,1239,1218,996,636,955,606,1291,895,1266,898
BRD-K18127951,1107,792,1333,1248,1213,1369,399,497,955,818,841,721,845,677,646,730,498,931,344,885
BRD-K76325726,1108,752,1169,1201,1324,1388,47,49,71,139,33,86,977,1359,968,1370,31,477,6,337
BRD-K69951274,1109,996,324,176,530,626,176,984,248,90,249,85,1143,450,1098,410,720,429,564,339
BRD-K63987424,1110,493,352,1001,583,1371,476,16,199,286,106,216,538,1311,496,1292,82,108,55,111
BRD-K76885481,1111,1024,635,420,1000,518,356,283,266,397,232,470,1114,1009,1095,977,479,715,526,679
BRD-K37081092,1112,1288,1380,1232,1362,1069,82,118,1353,812,1394,1127,1250,1092,1365,1209,982,636,1175,728
BRD-K44352336,1113,1195,751,1348,1073,1027,581,102,32,21,10,28,584,1250,561,1183,106,461,106,532
BRD-K91156247,1114,1295,322,389,141,85,169,498,509,447,424,413,624,541,479,526,742,1035,723,923
BRD-K71227259,1115,285,781,1342,65,507,492,580,1273,700,1243,710,223,38,191,47,1144,645,1099,685
BRD-K58194762,1116,1237,67,492,1039,1250,73,268,298,429,198,358,700,1338,587,1324,529,1069,470,960
BRD-K53740625,1117,1073,85,670,21,45,1244,1116,324,265,282,353,148,1034,79,895,533,766,461,730
BRD-K67766243,1118,375,846,359,547,1305,1228,1293,879,1083,968,1051,169,188,457,231,1136,1185,1185,1180
BRD-K25631986,1119,919,1193,1184,950,1296,43,14,818,1310,985,1292,1082,1141,1112,1048,315,45,379,80
BRD-K88376874,1120,818,227,339,1226,1137,411,635,73,223,94,265,951,1001,947,907,572,483,769,563
BRD-K27622376,1121,1015,811,638,269,281,641,342,778,535,790,424,881,1121,811,1034,843,859,842,783
BRD-K53181055,1122,1129,590,162,760,381,338,930,858,1218,774,1169,1234,853,1192,704,618,1111,670,1133
BRD-K20351658,1123,475,295,291,732,997,1274,535,889,523,787,564,238,21,236,31,1171,1018,1146,996
BRD-A87719232,1124,707,891,1148,965,1026,587,488,696,828,750,777,871,685,916,692,431,333,390,335
BRD-K62625902,1125,1036,463,324,590,211,663,1122,393,144,335,179,590,186,516,200,275,76,283,114
BRD-K93330237,1126,794,86,75,524,305,1118,253,8,31,8,32,96,365,176,439,249,882,471,934
BRD-K00088062,1127,941,1174,1044,670,652,864,918,603,425,699,464,428,606,889,556,288,335,372,368
BRD-K82761903,1128,582,1028,822,570,742,432,15,1361,1331,1377,1317,925,1327,961,1360,774,505,598,435
BRD-K16323731,1129,805,920,437,1238,1162,482,907,885,1301,838,1284,1085,1146,1064,1051,351,494,323,650
BRD-K11943259,1130,1126,990,1239,557,430,710,486,1071,472,1039,524,973,326,909,333,1262,1321,1242,1300
BRD-K06188347,1131,1157,344,518,825,1050,973,901,876,471,1013,531,522,447,525,447,754,273,791,284
BRD-K14169964,1132,1322,611,409,662,494,159,530,1154,1217,1109,1190,655,594,604,565,561,1170,548,1149
BRD-K25423005,1133,926,1228,940,714,624,1176,733,1086,548,1006,586,565,304,546,321,1276,1156,1232,1138
BRD-K68826049,1134,910,312,820,618,774,126,256,988,586,1047,650,564,963,500,935,117,111,73,136
BRD-K05519665,1135,933,79,135,625,1078,759,562,467,376,565,435,248,272,221,308,218,14,216,14
BRD-K66866904,1136,1319,969,472,429,388,284,231,1062,379,943,434,829,546,827,514,973,277,993,353
BRD-K07807999,1137,940,413,589,953,1356,386,823,29,1386,54,1372,211,1251,344,1221,18,439,93,550
BRD-K89682702,1138,1235,1284,1374,367,633,382,12,498,634,420,462,922,1150,904,1361,168,360,70,142
BRD-K79184162,1139,1268,343,432,411,1028,986,1127,197,1330,287,1280,477,426,565,406,1009,1277,968,1271
BRD-K27882424,1140,1267,1227,1310,588,1152,343,210,793,477,881,527,1061,1164,925,1061,415,264,486,344
BRD-K94979678,1141,1362,417,138,507,567,779,966,539,676,671,794,408,465,574,674,657,969,827,955
BRD-K44562621,1142,1275,258,115,300,1139,1236,999,1153,1364,1003,1331,195,910,492,862,1332,1335,1327,1328
BRD-K24885102,1143,899,887,627,1041,819,763,1251,670,176,486,200,1063,696,754,581,1175,959,1138,1012
BRD-K48853765,1144,1179,55,128,723,589,1139,1385,1195,1253,1159,1230,555,602,530,570,527,1263,553,1235
BRD-K82071478,1145,1212,728,918,1259,1295,823,397,434,938,338,859,759,1367,650,1367,651,698,572,774
BRD-K20863480,1146,1174,420,55,1061,1077,731,920,1317,1351,1292,1341,1078,175,1013,175,954,1132,990,1148
BRD-K25460880,1147,591,474,278,629,451,485,962,651,309,674,300,758,750,791,721,675,588,638,630
BRD-K37495811,1148,1296,879,358,245,424,595,348,537,538,446,487,884,512,812,460,471,236,417,285
BRD-K45295352,1149,1143,80,329,15,9,1335,869,1365,1378,1348,1370,29,253,34,272,1275,1343,1244,1331
BRD-K54327934,1150,1042,51,41,607,635,816,763,413,1333,548,1333,273,589,196,562,263,1138,205,1099
BRD-A34817987,1151,884,799,793,592,373,390,890,841,933,902,999,1124,882,1059,756,713,1014,710,1057
BRD-K30640165,1152,1323,340,164,335,629,378,280,307,108,229,107,694,1151,731,1090,246,189,204,168
BRD-K89712338,1153,657,1189,177,1378,1387,133,326,545,702,407,563,1149,1291,1186,1317,992,540,916,389
BRD-K33668351,1154,1236,477,1064,784,1054,1271,1145,51,40,47,41,183,700,124,726,290,397,217,415
BRD-K09641113,1155,765,695,899,497,860,362,58,502,111,463,132,760,1303,770,1254,372,755,506,733
BRD-K93763482,1156,987,1219,1096,1116,862,266,186,710,617,724,675,1060,1329,1085,1270,589,764,594,782
BRD-K22261046,1157,1311,1066,150,993,523,192,639,910,186,746,136,1289,438,1286,550,974,387,892,352
BRD-K83705009,1158,784,937,1093,1078,1052,732,1015,528,1011,483,976,747,133,673,158,546,342,560,425
BRD-K55792644,1159,1095,801,108,947,874,430,110,1247,1273,1276,1243,966,1213,924,1127,944,945,938,939
BRD-K28344523,1160,1154,1243,513,1245,1176,370,163,689,278,668,309,1198,744,1133,684,1033,405,1005,479
BRD-K19027210,1161,1054,955,1291,830,689,1078,209,569,211,470,242,793,1120,783,1089,391,133,327,131
BRD-K96741939,1162,201,1377,666,1199,1042,27,282,1041,1069,874,955,1327,653,1239,505,206,672,418,746
BRD-K23410901,1163,448,528,974,290,456,752,943,1389,1323,1372,1300,445,307,421,322,931,170,1007,224
BRD-K39507473,1164,1146,485,754,452,871,947,892,608,1282,484,1248,294,274,275,285,428,554,535,645
BRD-K45038844,1165,1167,974,440,798,521,217,398,1325,1162,1291,1133,1015,942,949,852,501,575,440,636
BRD-K27720649,1166,379,415,89,1067,668,616,302,655,871,667,775,815,694,687,631,461,826,479,872
BRD-K90733601,1167,1186,167,991,124,420,1226,1388,1073,1034,829,1004,598,989,616,889,818,935,805,929
BRD-K81438145,1168,1274,1361,242,1257,218,116,1094,966,680,930,689,1331,300,1288,316,1061,625,1021,669
BRD-K51626376,1169,721,575,449,1105,297,3,149,161,451,357,638,895,384,923,405,57,177,24,169
BRD-K40383467,1170,190,560,153,1261,880,662,1150,807,439,1067,528,882,719,918,611,1207,1055,1186,1087
BRD-K71334452,1171,746,1246,1398,1122,1229,931,880,1120,501,1286,683,844,1196,713,1169,964,851,1074,869
BRD-K14340219,1172,742,1247,1220,860,557,254,612,982,808,1081,814,1260,1085,1315,1098,979,548,1020,564
BRD-K59683426,1173,1214,513,163,297,148,538,330,834,185,836,225,593,240,580,261,566,417,591,493
BRD-K91730835,1174,803,436,968,848,976,657,777,927,529,945,618,748,1286,632,1268,137,147,102,204
BRD-K66888355,1175,931,775,174,1191,797,680,1012,763,228,791,166,1204,489,1145,416,764,604,793,596
BRD-K26657438,1176,780,1261,1123,981,584,226,986,892,469,796,490,1056,854,1260,867,599,424,607,483
BRD-K33979365,1177,1332,1319,1244,905,268,623,687,791,560,805,600,1189,830,1123,808,1282,1239,1294,1202
BRD-K63399564,1178,1187,304,577,171,1062,1059,1178,185,163,133,139,354,359,256,399,448,798,445,775
BRD-K76872913,1179,270,156,646,1085,1284,84,23,1077,333,1123,340,910,883,798,874,131,291,19,240
BRD-K29029059,1180,1001,277,309,1297,1350,99,55,437,170,398,207,1254,1257,1223,1191,702,518,751,585
BRD-K53437983,1181,1307,1033,1332,1066,1279,429,188,1267,1117,1264,1082,1039,1159,963,1055,610,779,588,794
BRD-K09632545,1182,1110,951,1028,1055,477,448,811,594,30,425,31,1180,430,1197,443,926,84,935,105
BRD-K16331350,1183,386,957,1136,1294,1243,137,422,452,1157,348,1117,835,279,941,315,159,248,83,331
BRD-K30837577,1184,842,908,668,1036,1233,1074,607,859,1100,875,1039,582,779,577,548,739,747,809,768
BRD-K95269843,1185,737,822,1189,935,969,784,844,795,997,698,918,377,9,295,18,816,948,834,931
BRD-K07329815,1186,1164,834,747,521,155,766,806,704,1224,850,1197,707,108,624,121,310,577,424,637
BRD-K42173890,1187,983,776,382,501,364,686,795,654,833,603,738,893,319,797,335,782,162,846,198
BRD-K79779816,1188,1077,1321,1018,1140,610,28,602,1093,235,976,195,1381,544,1368,503,1133,315,1047,313
BRD-K76876037,1189,1089,678,1099,946,1180,1013,796,64,693,42,734,501,1115,535,1133,155,545,197,639
BRD-K75302809,1190,289,1378,1354,1285,400,167,388,819,344,813,303,1154,418,1234,501,718,280,668,307
BRD-K14196440,1191,1118,961,1040,842,809,127,48,233,869,291,856,873,1140,775,1040,923,31,880,58
BRD-K32088574,1192,1308,1140,1242,1180,336,535,418,1037,283,1086,322,1018,764,945,697,1204,1007,1243,987
BRD-K86112430,1193,1192,461,1082,79,906,1346,1211,81,670,74,681,146,277,128,292,77,447,116,519
BRD-K44638353,1194,1397,480,103,837,368,683,609,626,453,571,498,1219,960,1187,863,1205,806,1214,819
BRD-A46335897,1195,964,905,684,879,510,223,589,1123,1191,1093,1164,959,1060,1173,1012,587,664,637,683
BRD-A58048407,1196,976,1013,942,959,1012,231,332,218,675,285,711,1051,1167,1097,1213,153,343,181,321
BRD-K83395537,1197,936,1159,868,1331,1181,403,528,449,297,399,333,1387,1308,1363,1246,603,675,583,701
BRD-K07381195,1198,1299,134,542,423,836,1107,598,24,323,385,310,32,1053,319,975,478,375,657,427
BRD-K13036885,1199,1041,359,671,263,471,676,368,721,465,638,506,636,490,588,466,292,44,326,79
BRD-K76882924,1200,1071,700,712,473,385,545,711,673,195,684,262,929,492,843,458,707,199,684,269
BRD-K85802361,1201,555,1070,298,1037,205,508,640,1015,299,1078,211,1034,535,1005,626,373,159,339,115
BRD-K32405725,1202,925,837,371,536,459,624,992,1228,1000,1312,1042,728,442,1053,404,877,958,952,1045
BRD-K88617912,1203,869,440,245,345,366,295,312,1296,1262,1320,1272,563,117,474,131,956,527,915,631
BRD-K78636275,1204,774,547,261,1168,1158,519,515,319,371,243,425,1118,1341,1107,1288,952,1012,883,992
BRD-K71531260,1205,1263,434,211,697,1248,885,125,396,18,645,13,356,1065,532,960,462,269,675,266
BRD-K16673836,1206,601,851,305,511,599,418,204,532,110,393,145,836,198,742,210,1198,1329,1171,1307
BRD-K75371115,1207,1215,1288,363,474,123,158,57,1034,1329,964,1305,1319,1332,1299,1275,559,1147,536,1127
BRD-K20601561,1208,1313,872,695,326,288,1293,1366,1302,1110,1310,1069,530,464,602,445,491,1192,542,1167
BRD-K49483184,1209,935,924,213,278,156,445,490,364,462,315,504,742,378,651,375,490,1227,518,1200
BRD-K94585132,1210,1217,871,530,313,147,244,245,1378,1324,1384,1338,1208,803,1160,787,820,216,825,258
BRD-K26583430,1211,1199,1340,1161,832,561,193,487,1323,1184,1354,1125,1304,1010,1306,967,1056,733,1083,678
BRD-K26003427,1212,1233,779,495,914,1237,520,124,986,977,1062,913,887,988,943,875,678,452,485,346
BRD-K10839108,1213,1357,1372,980,717,828,102,674,1040,216,997,260,1303,1027,1217,938,1070,353,992,436
BRD-K14023438,1214,524,1172,833,897,125,253,1118,656,1132,648,1136,1323,799,1296,607,919,347,977,433
BRD-K62702428,1215,1352,827,42,984,660,335,734,1055,596,1001,627,1032,848,971,767,830,673,830,699
BRD-K04749191,1216,400,604,504,443,920,740,785,1383,1047,1382,1079,841,302,800,362,1077,138,1078,126
BRD-K02217114,1217,1348,235,44,237,34,605,1169,342,302,422,367,703,312,684,412,464,409,482,494
BRD-K36065557,1218,1351,432,83,456,1170,109,594,382,66,368,90,664,1024,659,834,1317,812,1336,867
BRD-K93176058,1219,1184,657,303,1103,941,65,371,577,709,572,786,1094,1023,1182,1109,252,225,268,239
BRD-K68208040,1220,1335,335,373,551,1183,575,205,131,106,108,142,352,1008,363,917,46,243,68,314
BRD-K26862321,1221,1342,1211,1294,936,401,1182,1135,771,433,702,573,512,89,423,86,772,59,676,71
BRD-K16561564,1222,388,1303,340,257,30,1007,1182,997,1292,852,1277,1244,226,1163,233,959,897,874,1034
BRD-A05874290,1223,723,763,901,1158,1102,30,213,249,856,286,821,1144,1339,1205,1358,91,144,90,134
BRD-K13028566,1224,1175,850,566,355,1106,1056,47,1314,1362,1230,1337,1057,497,814,487,1260,1198,1110,1080
BRD-K16010201,1225,1284,753,1367,1020,711,1085,1120,933,244,903,163,840,982,807,1092,375,92,363,84
BRD-K09503339,1226,993,1058,1254,727,434,748,683,148,79,113,98,401,301,498,373,547,961,595,994
BRD-K86843304,1227,1158,707,902,240,204,556,909,751,858,828,873,611,647,503,576,905,763,843,725
BRD-K75576199,1228,1373,1384,1026,1330,1175,451,891,680,512,732,613,1285,1377,1319,1336,1229,1221,1224,1259
BRD-K13107877,1229,1072,138,68,601,217,478,940,483,979,449,897,388,189,268,197,336,1143,289,1103
BRD-K73096789,1230,1317,712,308,779,209,865,620,363,435,349,484,439,631,420,601,1113,1313,1105,1286
BRD-K91850687,1231,1383,724,621,868,818,872,1209,301,254,269,294,725,920,711,835,796,401,792,476
BRD-K97727749,1232,981,208,38,370,251,540,539,1366,1376,1353,1368,1192,1237,1037,1194,676,1316,602,1302
BRD-K56904155,1233,1153,915,362,785,314,318,808,562,970,521,959,971,479,940,489,1057,865,1023,841
BRD-K43638827,1234,1021,366,10,465,210,716,731,440,467,459,512,1203,1346,1122,1293,691,1001,731,982
BRD-K20820984,1235,898,194,656,419,962,1095,559,1234,1024,1260,972,360,103,276,104,1129,1114,1124,1086
BRD-K03644600,1236,323,880,557,1306,966,371,927,748,823,789,891,1107,154,1156,118,1272,1136,1281,1225
BRD-K07105437,1237,1266,825,299,1343,1194,867,1204,88,196,39,210,1239,732,1137,671,935,197,697,201
BRD-K78989575,1238,1159,454,225,513,354,916,1335,918,1120,819,1085,862,741,848,680,842,585,817,642
BRD-A17883755,1239,1109,1023,872,766,678,493,335,1240,987,1199,986,1079,1081,1093,1128,521,204,421,181
BRD-K82594686,1240,681,325,457,271,794,1302,1000,761,815,877,758,237,922,274,1057,422,622,611,640
BRD-K89298751,1241,1260,1215,1333,593,1197,962,529,1315,1008,1267,937,730,650,734,727,680,313,694,328
BRD-K57397611,1242,1180,612,1111,1159,1185,289,62,183,19,111,25,856,550,692,521,182,2,194,6
BRD-K15030062,1243,1136,496,277,540,67,724,866,928,722,775,605,765,1139,776,1189,621,1022,520,1006
BRD-K65367823,1244,1276,563,402,337,307,636,645,722,175,753,215,847,1118,886,1024,1223,786,1197,801
BRD-K39878860,1245,1028,976,503,1376,595,512,1357,890,4,676,3,1344,565,1257,660,240,141,206,170
BRD-K49378999,1246,999,1305,863,725,619,354,1066,530,1183,439,1124,1207,873,1185,839,222,198,207,150
BRD-K06064877,1247,1151,301,88,534,143,132,181,1329,1383,1324,1369,979,1126,893,980,190,566,138,565
BRD-K36623409,1248,1321,1239,1299,731,454,860,656,1342,607,1222,555,1111,1278,1117,1188,1179,1212,1131,1201
BRD-K73589491,1249,859,519,762,706,258,509,622,214,955,410,1068,426,407,569,451,323,486,261,351
BRD-K87113270,1250,1300,1335,1175,1341,775,131,384,1251,973,1302,957,1386,1393,1393,1389,769,122,688,107
BRD-K58033375,1251,1227,1233,1089,1231,304,135,399,823,268,705,306,1236,1360,1218,1312,1095,271,1095,294
BRD-A25004090,1252,1139,617,568,623,754,431,407,965,967,886,952,773,1002,953,978,1102,617,1002,527
BRD-K87377799,1253,605,692,574,1372,1395,489,838,849,423,703,428,1067,1392,1012,1373,1208,609,1184,687
BRD-K18793708,1254,1338,143,547,378,1318,188,1,105,112,60,152,618,1258,619,1243,700,299,665,360
BRD-K56478238,1255,599,810,623,862,1048,738,881,686,131,512,120,889,1014,816,985,534,241,450,177
BRD-K76964878,1256,1087,939,1166,1134,1076,235,347,163,536,142,517,989,1261,1077,1325,56,104,28,61
BRD-K04458934,1257,1368,1180,1357,1248,1174,351,412,536,81,594,102,1048,402,1031,449,1074,372,1026,379
BRD-K14487375,1258,1034,1171,1038,790,1116,822,1010,1248,1165,1280,1122,920,845,853,757,810,866,898,881
BRD-K93612606,1259,519,1308,319,1382,849,59,116,557,57,453,45,1390,1285,1385,1251,568,139,582,135
BRD-K18238232,1260,1229,727,1090,299,779,935,1070,660,1147,695,1128,244,318,250,332,699,1172,754,1146
BRD-K08589866,1261,747,1002,726,258,88,830,1024,390,864,400,932,729,136,664,129,755,824,715,863
BRD-K19472114,1262,1385,1322,563,1146,369,213,433,941,669,978,652,1320,618,1362,575,1117,584,1167,501
BRD-K70638773,1263,1168,1242,1260,1018,394,171,928,998,667,1041,547,1299,1229,1357,1334,686,1213,530,1145
BRD-K90143908,1264,1039,1235,1344,1301,1209,353,462,1335,1141,1369,1148,1313,1226,1335,1227,1211,801,1275,847
BRD-K94734308,1265,1245,1050,1048,683,422,379,603,1230,1204,1157,1172,1084,566,990,535,1284,1336,1236,1312
BRD-K00513921,1266,505,1314,939,1076,1071,29,392,1029,920,1069,868,1290,814,1292,759,524,242,504,219
BRD-K39367499,1267,1003,1224,1296,1097,524,37,40,812,217,792,297,913,289,833,324,934,668,896,703
BRD-K30854557,1268,1216,694,883,1223,921,467,386,285,169,396,167,1231,1029,1180,806,738,378,749,422
BRD-K21991827,1269,452,23,456,1205,977,325,94,125,134,88,134,526,734,584,879,48,13,62,13
BRD-A18696154,1270,1389,115,139,393,1231,1262,1067,411,697,143,509,427,358,376,401,709,1141,667,1118
BRD-K31329249,1271,1339,653,193,489,81,465,393,1010,308,940,384,955,503,881,510,1189,416,1164,446
BRD-K99307487,1272,660,541,1207,493,1007,1255,456,278,1194,391,1174,322,282,395,345,209,121,238,130
BRD-K89364593,1273,1198,885,192,793,241,25,350,366,336,328,418,1209,915,1244,964,364,5,357,5
BRD-K19949652,1274,1334,1190,817,159,446,41,2,1068,1375,1028,1377,1265,1363,1295,1377,636,839,533,883
BRD-K28918096,1275,1379,762,781,1007,643,795,942,788,412,710,471,732,270,693,286,794,511,764,579
BRD-K89606138,1276,862,1103,876,193,845,1296,1062,1204,940,1102,903,614,912,536,843,1285,683,1173,707
BRD-K25560306,1277,1040,1274,1259,1356,1167,464,18,1286,1202,1279,1216,1108,1208,1038,1036,1195,25,1161,25
BRD-K00403046,1278,645,771,549,1188,553,1219,1072,21,27,29,36,820,808,769,731,5,81,22,121
BRD-K50590187,1279,1060,391,464,744,984,524,725,865,961,844,964,496,652,670,651,554,606,539,542
BRD-K14652476,1280,1220,1352,715,1328,1221,299,552,309,350,231,455,1330,1170,1355,1013,727,1293,750,1269
BRD-K58250123,1281,1242,1221,184,1229,1341,210,449,392,291,456,326,978,1114,952,1020,753,1288,784,1265
BRD-K10008415,1282,1303,785,487,453,114,296,764,574,916,620,910,961,264,900,240,960,1015,1014,1029
BRD-K88281008,1283,1226,1164,1209,1241,216,80,1144,1229,1305,1167,1282,1366,579,1348,564,928,1194,891,1121
BRD-K61164584,1284,1395,155,1029,884,1282,930,1301,28,9,737,14,188,959,739,1002,728,579,1267,671
BRD-K55706946,1285,858,1277,1377,539,238,855,1242,1048,347,953,396,1008,1214,973,1132,793,893,890,895
BRD-K42057752,1286,1219,228,33,1086,1010,726,68,207,116,132,119,667,948,589,904,511,904,406,941
BRD-K79302166,1287,893,467,1172,567,697,621,170,1356,1274,1352,1227,721,314,933,281,918,441,1019,482
BRD-K66808842,1288,781,498,223,131,175,653,769,645,204,564,244,507,525,458,502,916,384,912,456
BRD-K96098018,1289,708,804,660,824,312,559,842,604,492,579,750,1123,515,1042,379,247,340,230,405
BRD-K21614065,1290,817,1024,527,849,319,79,496,1032,964,1044,965,1212,831,1266,864,352,283,234,256
BRD-K67414432,1291,1309,1213,1305,628,355,913,642,425,91,363,67,823,953,864,815,468,119,430,140
BRD-K42170810,1292,576,21,96,689,1058,500,25,1303,1249,1342,1251,828,976,644,919,761,670,635,681
BRD-K88385750,1293,1269,144,539,250,436,1052,756,97,56,110,88,197,45,311,58,459,420,565,423
BRD-K70435062,1294,1350,265,53,967,955,268,215,1171,1045,1029,1050,1069,571,894,493,363,46,303,75
BRD-K86786416,1295,1145,949,1210,764,1001,582,278,702,1112,679,1065,714,760,802,750,860,926,811,952
BRD-K02847640,1296,610,83,66,559,296,844,532,82,398,256,381,276,419,444,577,355,744,474,709
BRD-K42595694,1297,1370,87,345,188,540,1304,1257,63,1067,87,1036,142,569,120,561,503,1254,568,1247
BRD-K56904840,1298,484,691,26,1320,843,530,1215,1099,1342,1289,1313,727,930,1111,709,1197,1265,1141,1272
BRD-K02065962,1299,1029,984,878,114,104,1337,1325,430,45,613,53,315,20,443,27,13,57,50,98
BRD-K42618289,1300,1111,789,573,1214,978,319,289,339,509,309,549,1263,1395,1232,1382,717,326,756,403
BRD-K09729851,1301,966,1073,1393,1053,1313,248,98,1003,113,1055,117,993,1272,946,1267,564,61,499,45
BRD-K44241590,1302,694,1198,925,1156,930,230,381,519,724,465,741,1222,1064,1237,1141,432,701,410,651
BRD-K14346766,1303,1209,674,683,1325,1276,503,1130,1285,1284,1278,1247,1135,412,1010,392,848,611,901,750
BRD-K59446585,1304,783,1369,1360,863,691,1075,1140,1205,172,1179,299,1245,1310,1202,1259,1278,190,1278,271
BRD-K66361302,1305,1147,689,273,909,515,812,932,675,1374,906,1355,431,445,839,791,833,468,810,291
BRD-K26835110,1306,1293,864,562,1170,576,747,1029,365,245,577,392,1047,1192,1142,1086,200,365,319,444
BRD-K80723382,1307,1035,1324,1226,1117,1242,49,545,1362,1116,1358,1107,1376,1378,1371,1353,1261,93,1245,96
BRD-K33619512,1308,495,828,149,1198,1202,1069,1020,1143,898,1212,845,510,352,343,284,611,1203,613,1191
BRD-K62982188,1309,1353,1360,1162,1366,1090,183,536,1211,146,1137,181,1042,400,959,394,1343,629,1332,675
BRD-K18059480,1310,1131,1015,829,632,24,101,316,912,908,957,956,1211,379,1258,352,1011,56,1065,55
BRD-K90665148,1311,1031,1178,1206,1207,947,387,887,124,1252,99,1229,1145,1015,1115,926,1086,1162,1029,1143
BRD-K65988431,1312,1281,791,815,472,782,285,168,1216,1175,1203,1171,1113,1039,1079,979,1127,130,1134,167
BRD-K48183516,1313,1316,1389,708,1334,1108,772,1280,221,41,265,50,907,645,715,615,379,685,599,708
BRD-K25199340,1314,1208,313,100,418,331,416,66,1380,1361,1359,1343,1293,415,1174,403,514,995,586,976
BRD-K19825378,1315,809,567,360,59,270,1185,1006,453,1363,394,1349,181,280,270,273,510,1174,531,1168
BRD-K98113345,1316,1325,1345,1351,1388,1241,53,76,138,107,126,111,1367,1306,1376,1316,517,37,498,48
BRD-K88602713,1317,385,1289,356,1237,485,4,10,853,589,1103,611,1020,94,1105,112,123,73,338,87
BRD-K05961870,1318,1324,424,1221,956,737,892,1153,1257,464,1077,404,299,720,280,641,1153,1233,1150,1230
BRD-K88239034,1319,1341,230,1002,137,236,1072,1263,287,894,178,846,347,286,303,336,770,297,722,225
BRD-K17806071,1320,1140,518,181,572,248,1276,1384,922,296,1095,417,609,321,793,217,1180,1142,1304,1232
BRD-K40973428,1321,1025,1302,1217,1265,922,55,251,1118,636,814,460,1369,1398,1396,1399,927,729,818,502
BRD-K61053657,1322,767,1063,698,931,821,218,704,744,944,747,962,976,1199,1175,1182,183,136,186,118
BRD-K38933129,1323,461,263,826,861,886,1374,1327,496,61,295,87,110,44,58,32,481,40,472,90
BRD-K61123818,1324,422,494,367,1190,1309,870,1291,295,449,244,569,877,1266,826,1154,485,809,350,944
BRD-K56851771,1325,1070,968,1118,880,714,196,403,154,527,205,534,1038,1046,1036,1210,112,228,151,178
BRD-K14736141,1326,753,160,1053,303,946,1330,670,347,43,341,33,83,165,89,307,863,239,983,261
BRD-K32681593,1327,829,278,561,122,654,956,608,445,861,553,847,365,344,313,274,1235,1054,1296,1090
BRD-K93944867,1328,965,645,301,321,152,155,343,783,102,761,131,1171,936,1091,848,1247,792,1212,807
BRD-K15240833,1329,763,458,56,372,12,222,355,57,87,48,110,826,370,719,367,63,123,125,172
BRD-K05273600,1330,754,581,380,1107,1079,9,637,698,1240,760,1286,1141,1233,1134,1329,673,1332,713,1325
BRD-K42450605,1331,280,146,59,436,581,320,1200,488,1347,853,1342,1011,249,957,185,1134,1337,1112,1334
BRD-K54445308,1332,626,378,124,997,972,148,706,417,1199,401,1167,1120,549,727,519,1263,999,1120,980
BRD-K31538032,1333,1398,445,615,1038,914,446,120,41,180,24,313,677,1333,578,1340,50,392,36,283
BRD-K82869745,1334,1377,1329,1188,368,1263,668,1003,1179,532,1147,571,735,787,682,718,1271,899,1252,904
BRD-K32294814,1335,808,1346,744,283,658,466,137,816,608,757,696,1170,1323,1241,1328,829,47,652,64
BRD-K07568447,1336,642,1123,581,1026,992,787,541,1373,1335,1355,1316,1162,983,972,912,1314,1314,1290,1291
BRD-K76825413,1337,701,741,1284,1305,1397,21,6,401,142,331,180,936,1389,951,1385,121,3,16,3
BRD-K81288057,1338,655,1200,102,279,302,754,1085,836,47,958,39,1136,730,919,669,930,626,974,626
BRD-K35637774,1339,713,1398,1119,1309,315,574,933,1227,714,1173,818,1399,1076,1390,1028,1081,845,1100,972
BRD-K55896440,1340,806,1260,543,1001,465,19,257,1327,1006,1231,707,1342,1049,1336,925,1264,1009,1299,1114
BRD-K95284932,1341,1375,1036,505,1239,1390,234,235,258,85,203,72,916,1358,1032,1306,95,7,98,8
BRD-K19213530,1342,1080,355,8,875,911,850,751,1083,1220,1229,1158,799,22,730,30,401,1052,237,921
BRD-K35801592,1343,725,644,447,656,458,1065,1071,627,1048,718,1104,612,897,493,751,873,1112,941,1079
BRD-K65456352,1344,1337,948,818,1235,1379,50,196,864,1022,857,1041,901,1082,810,981,495,17,458,20
BRD-K52574175,1345,1169,1290,946,186,844,194,78,250,52,333,94,939,1228,962,1201,414,50,381,54
BRD-A75517195,1346,923,505,779,831,1014,274,226,441,792,321,804,654,926,698,988,213,349,180,341
BRD-K29737933,1347,789,426,1045,620,468,832,1026,733,77,451,79,964,325,789,254,984,1146,933,1184
BRD-K17654006,1348,1103,589,49,584,42,608,1317,958,637,987,724,822,17,486,22,1044,339,821,472
BRD-K31418530,1349,1252,512,930,787,820,1076,222,1050,1359,1111,1360,659,485,557,468,396,789,334,741
BRD-K63860984,1350,1160,1376,626,1277,852,511,376,368,277,387,390,1261,585,1233,518,693,286,718,367
BRD-K85694079,1351,1012,1192,444,1175,771,46,165,920,721,885,744,1294,886,1298,758,953,697,1027,693
BRD-K91572503,1352,1188,1334,821,748,630,172,99,1175,138,1141,137,1267,457,1128,609,1277,209,1235,221
BRD-K44261129,1353,1320,1298,1378,648,118,828,947,538,240,625,292,409,293,288,253,437,454,456,545
BRD-K60776198,1354,1396,1206,965,487,811,283,996,1219,137,1187,146,985,85,898,133,972,968,886,875
BRD-K44696931,1355,1119,749,230,703,703,634,576,85,189,251,311,390,486,562,457,27,174,87,280
BRD-K10774870,1356,1271,1391,1071,1395,1267,40,255,1333,1205,1316,1109,1397,1353,1395,1335,1159,1302,1090,1294
BRD-K31230167,1357,1326,1354,1362,961,909,138,375,705,378,714,370,1232,1154,1243,991,736,265,702,350
BRD-K14696368,1358,1201,782,476,850,429,240,494,921,816,941,837,1073,736,1136,693,324,364,309,388
BRD-K24049756,1359,1033,754,488,977,785,566,858,1351,891,1341,883,1276,1070,1219,976,1224,797,1192,810
BRD-K50791983,1360,1346,113,157,214,616,644,1270,159,899,59,806,337,329,330,360,562,993,480,814
BRD-K70633610,1361,969,1396,1394,802,579,876,982,963,1384,1005,1381,606,551,1108,744,370,787,566,735
BRD-K65790118,1362,1246,1392,1358,1300,255,186,520,1364,1229,1367,1217,1392,1388,1398,1394,623,26,529,41
BRD-K60784115,1363,1017,699,532,893,927,963,688,422,365,408,319,525,448,392,513,502,667,441,676
BRD-K99380810,1364,1205,1254,1085,651,830,813,944,69,206,135,194,685,296,921,301,93,552,231,521
BRD-K27452198,1365,949,989,897,1161,1143,633,599,886,266,826,228,986,1236,960,1145,854,128,914,187
BRD-K17817744,1366,1359,1220,1035,1025,562,461,537,643,567,568,580,857,390,835,475,496,154,487,139
BRD-K35290760,1367,1061,1351,1317,1258,1292,12,30,777,461,626,421,1291,1369,1333,1368,721,23,737,19
BRD-K80732408,1368,702,1150,1266,730,1306,555,142,179,393,117,351,668,360,483,198,337,793,275,787
BRD-K29474997,1369,1196,330,206,60,603,737,54,98,14,140,17,147,679,91,639,1020,376,997,439
BRD-K93285993,1370,1082,192,834,402,492,943,604,861,157,839,173,335,1172,362,1138,844,681,884,713
BRD-K19061245,1371,1203,917,955,510,1256,599,195,100,1177,90,1087,226,392,464,391,34,85,61,95
BRD-K75912549,1372,957,1001,318,882,934,588,829,1363,1368,1363,1358,559,60,481,62,545,391,557,400
BRD-K37752193,1373,1228,1021,36,1186,363,66,357,299,69,352,77,1316,1326,1340,1308,1126,83,1163,104
BRD-K72636868,1374,906,922,499,903,1232,651,1206,234,174,375,214,712,161,672,177,170,1003,348,983
BRD-K53359544,1375,916,381,450,772,1270,1010,760,72,17,208,20,207,482,321,476,892,21,1017,28
BRD-K97910278,1376,1318,253,65,688,1142,504,812,1186,70,1282,52,896,774,1018,999,583,490,604,445
BRD-K58307544,1377,1264,1141,764,1221,1146,72,1107,438,521,528,620,1104,528,1201,745,1104,1059,1128,1109
BRD-K45892018,1378,1059,1108,282,1157,682,569,321,473,706,438,926,1005,425,895,381,977,167,724,309
BRD-K96586144,1379,1330,1099,559,569,95,129,900,1345,488,1339,482,1310,832,1230,738,834,830,894,792
BRD-K50883617,1380,961,462,526,1154,1115,181,476,1024,996,849,797,798,583,824,628,726,362,658,301
BRD-K62687522,1381,1399,1068,287,921,313,348,800,1352,1071,1259,919,1388,1260,1352,1174,708,678,509,622
BRD-K93081895,1382,1250,1122,914,1282,870,87,370,476,241,466,283,1215,1235,1194,1165,1018,875,1034,873
BRD-K83600073,1383,1392,328,408,360,397,1328,852,1382,1369,1318,1364,242,706,233,414,696,219,708,277
BRD-K18883945,1384,1381,270,97,564,815,505,1228,284,1039,496,933,460,61,701,83,950,905,1025,795
BRD-K50558304,1385,1315,1175,849,913,267,450,1303,779,288,808,401,1229,373,1191,480,801,811,888,927
BRD-K86448961,1386,1278,91,16,113,109,1067,797,636,689,673,757,267,33,230,59,528,1011,574,935
BRD-K68325500,1387,943,183,159,408,1214,212,512,552,957,222,679,266,394,383,591,96,178,58,88
BRD-K97045029,1388,1390,787,1003,153,529,723,574,1108,829,1193,716,568,456,743,528,831,955,701,786
BRD-K56304906,1389,678,979,1224,796,318,648,218,464,438,367,623,833,670,724,934,320,169,187,146
BRD-K84331602,1390,1394,820,207,664,556,96,151,1384,1379,1368,1367,1391,713,1317,667,1371,1295,1352,1277
BRD-K39894071,1391,1388,702,1321,550,548,1206,1156,800,346,691,432,326,1239,259,1180,307,1225,367,1221
BRD-K25940840,1392,1366,273,172,351,1104,1308,979,658,862,893,820,164,252,149,212,172,127,182,141
BRD-K28250273,1393,1006,1397,1352,920,1343,597,968,15,762,84,648,524,236,1047,255,11,323,360,273
BRD-K50611992,1394,1197,360,572,836,568,152,503,240,16,155,19,645,221,437,236,1322,1105,1289,1023
BRD-K67519589,1395,1387,1245,1300,1280,1373,544,408,542,592,866,691,883,1298,1102,1281,81,52,195,47
BRD-K63798874,1396,1340,1374,922,1035,1280,221,771,123,10,44,12,1238,491,1061,600,1156,833,1088,858
BRD-K43349989,1397,1218,1339,263,1337,28,124,179,576,496,419,459,1380,257,1383,331,1097,306,1071,311
BRD-K47156219,1398,1093,1330,1309,845,1353,94,542,1377,1174,1389,1111,1362,1394,1381,1387,1004,129,1115,163
BRD-K04465546,1399,1391,182,597,182,855,1205,1166,291,574,219,497,180,558,152,429,446,953,483,1051
