drug,in_frozen_holdout,fp_duplicate_in_train,pcc_A_beta2020_12328,pcc_B_dcic2021_12328,pcc_A_beta2020_978,pcc_B_dcic2021_978
BRD-A02990301,0,1,0.322445,0.084442,0.41533,0.017846
BRD-A03623303,0,1,0.353658,0.04628,0.374418,0.003969
BRD-A03816571,0,1,0.440838,0.106027,0.390155,0.067819
BRD-A04308630,0,1,0.642363,0.207673,0.57641,0.190087
BRD-A04327189,0,1,0.431376,0.075277,0.378062,0.033126
BRD-A05186015,1,0,0.309107,0.049016,0.399037,0.004965
BRD-A05457250,0,1,0.562756,0.153741,0.433228,0.097361
BRD-A05729358,1,1,0.421549,0.048555,0.352982,0.015207
BRD-A05831822,0,1,0.553734,0.13883,0.457793,0.089249
BRD-A05874290,0,1,0.245677,0.05643,0.265856,0.04858
BRD-A06909528,0,1,0.46907,0.083289,0.40729,0.060225
BRD-A07440155,0,1,0.242769,0.043425,0.350055,0.039902
BRD-A07614565,0,1,0.418511,0.120712,0.391434,0.109751
BRD-A07765530,0,1,0.405833,0.08346,0.401063,0.089699
BRD-A07932845,0,1,0.554883,0.087959,0.509062,0.142359
BRD-A08003242,0,1,0.735926,0.452304,0.765102,0.535024
BRD-A08187463,0,1,0.379322,0.053497,0.427501,0.010555
BRD-A08662020,0,1,0.324013,0.086918,0.317256,0.034609
BRD-A09073503,0,1,0.516145,0.127851,0.452122,0.058544
BRD-A09349126,0,1,0.469409,0.187114,0.475898,0.146589
BRD-A09495397,0,1,0.507681,0.115171,0.451377,0.131884
BRD-A09749088,0,1,0.483366,0.168155,0.4203,0.116795
BRD-A09984573,0,1,0.577818,0.112663,0.534884,0.157719
BRD-A11605036,0,1,0.42534,0.108208,0.414483,0.087563
BRD-A12832192,0,1,0.617193,0.076749,0.564209,0.014061
BRD-A16665823,0,1,0.370909,0.063052,0.380317,0.027267
BRD-A16754160,1,1,0.270514,0.074763,0.302103,0.036726
BRD-A17883755,0,1,0.222042,0.033746,0.26252,0.018247
BRD-A18696154,0,1,0.224276,0.030698,0.254436,-0.048383
BRD-A20239487,0,1,0.324046,0.052297,0.435794,0.019652
BRD-A20527803,0,1,0.401754,0.059859,0.366978,0.040047
BRD-A22769835,0,1,0.232466,0.064932,0.356,-0.008494
BRD-A23226398,0,1,0.37878,0.096324,0.345786,0.087872
BRD-A24225650,0,1,0.445579,0.144421,0.400442,0.095802
BRD-A24396574,0,1,0.359826,0.228694,0.521387,0.240598
BRD-A24543851,0,1,0.551976,0.163432,0.41976,0.125019
BRD-A24891640,0,1,0.448852,0.20855,0.392746,0.135016
BRD-A25004090,0,1,0.246735,0.032369,0.259179,0.015646
BRD-A25088322,0,1,0.572963,0.306082,0.597625,0.355497
BRD-A26845397,0,1,0.336043,0.086911,0.328642,0.062694
BRD-A29009894,1,0,0.282266,0.088697,0.35099,0.031399
BRD-A29437505,0,1,0.471797,0.114144,0.371738,0.059693
BRD-A29485665,0,1,0.413665,0.049808,0.459368,0.017507
BRD-A30205217,0,1,0.490327,0.12399,0.43729,0.079041
BRD-A30582499,0,1,0.357697,0.116264,0.21574,0.089841
BRD-A31800922,0,1,0.403003,0.077454,0.333418,0.053855
BRD-A33447119,0,1,0.413479,0.087321,0.428162,0.055342
BRD-A34309505,0,1,0.52441,0.186679,0.463801,0.089915
BRD-A34817987,0,1,0.299788,0.059638,0.283556,0.035888
BRD-A34907681,0,1,0.344928,0.05623,0.342468,0.014441
BRD-A35020550,0,1,0.483412,0.137404,0.377688,0.044461
BRD-A36217750,1,0,0.434777,0.073602,0.428125,0.026493
BRD-A36275421,0,1,0.564239,0.151873,0.569345,0.232174
BRD-A38161572,0,1,0.435953,0.073394,0.317761,0.016448
BRD-A39210489,0,1,0.343683,0.158211,0.290243,0.119864
BRD-A39415247,0,1,0.400272,0.128817,0.461256,0.076838
BRD-A39646320,1,0,0.610558,0.358517,0.618154,0.413966
BRD-A40163033,0,1,0.370376,-0.003634,0.437565,0.014699
BRD-A40431293,0,1,0.715105,0.425788,0.712119,0.498826
BRD-A40807648,0,1,0.399557,0.083786,0.409194,0.080472
BRD-A41114263,0,1,0.496281,0.075475,0.452213,0.062016
BRD-A41228941,0,1,0.294663,0.042261,0.317972,0.003191
BRD-A41250203,0,1,0.786978,0.375599,0.758274,0.478161
BRD-A41722204,0,1,0.430408,0.104647,0.345083,0.016286
BRD-A41941932,0,1,0.482749,0.084454,0.42259,0.051057
BRD-A41986761,0,1,0.285315,0.102342,0.353566,0.056049
BRD-A42759514,0,1,0.423691,0.045881,0.41413,0.029081
BRD-A42969626,0,1,0.478519,0.130798,0.437925,0.065723
BRD-A43155244,0,1,0.735547,0.347258,0.721745,0.442581
BRD-A43849199,0,1,0.525619,0.177896,0.475187,0.118698
BRD-A44448661,0,1,0.398897,0.076126,0.403133,0.070256
BRD-A46335897,1,0,0.270608,0.049203,0.273365,0.029674
BRD-A47441220,0,1,0.526082,0.105126,0.420376,0.079626
BRD-A49581300,0,1,0.52203,0.081039,0.462385,0.060541
BRD-A49848186,0,1,0.646851,0.348691,0.647335,0.442729
BRD-A50287119,0,1,0.567246,0.238053,0.523735,0.215599
BRD-A51233382,1,1,0.123944,0.028132,0.164452,-0.003745
BRD-A51382177,0,1,0.319717,0.091725,0.36493,0.065109
BRD-A51696495,0,1,0.577616,0.090364,0.530834,0.043721
BRD-A51829654,0,1,0.502227,0.057993,0.424148,0.009029
BRD-A52172093,0,1,0.568744,0.078906,0.477744,0.063597
BRD-A52193669,0,1,0.476346,0.181658,0.50244,0.222894
BRD-A52934756,0,1,0.621487,0.205963,0.46732,0.092254
BRD-A54194844,0,1,0.478059,0.156052,0.464156,0.12725
BRD-A54635441,0,1,0.359401,0.113282,0.282608,0.05383
BRD-A55424491,0,1,0.488596,0.213805,0.539077,0.192806
BRD-A55469827,0,1,0.299925,0.052899,0.277411,0.049212
BRD-A55594068,0,1,0.548804,0.248609,0.554472,0.259742
BRD-A55946879,0,1,0.396399,0.123132,0.417576,0.083573
BRD-A56012032,0,1,0.428361,0.087259,0.411825,0.033785
BRD-A56592690,0,1,0.306999,0.104694,0.342945,0.093821
BRD-A57457122,0,1,0.495747,0.110202,0.424181,0.053024
BRD-A58048407,0,1,0.212071,0.033886,0.273357,0.029227
BRD-A60070924,0,1,0.263535,0.053175,0.340147,0.002082
BRD-A60386802,0,1,0.506834,0.074627,0.495328,0.088002
BRD-A61392169,0,1,0.305628,0.114364,0.327185,0.037534
BRD-A61866602,0,1,0.335199,0.128331,0.336438,0.054942
BRD-A62035778,0,1,0.259146,0.069684,0.304539,0.02939
BRD-A64290322,0,1,0.565253,0.231181,0.584866,0.253114
BRD-A64610707,0,1,0.534136,0.104997,0.496408,0.094253
BRD-A64850503,0,1,0.471392,0.156867,0.397365,0.119643
BRD-A65282128,1,1,0.42093,0.11246,0.36787,0.044043
BRD-A65671304,0,1,0.454849,0.113491,0.409421,0.058149
BRD-A65739223,0,1,0.346356,0.071712,0.3659,0.03451
BRD-A66229260,1,1,0.581591,0.11805,0.458825,0.062949
BRD-A67981824,1,1,0.509114,0.094019,0.484318,0.105393
BRD-A68045637,0,1,0.689293,0.065077,0.625781,0.112176
BRD-A68274214,0,1,0.509098,0.128327,0.487059,0.09821
BRD-A68397902,0,1,0.4674,0.113546,0.412574,0.077031
BRD-A68650781,0,1,0.401024,0.115284,0.301585,0.05189
BRD-A69454249,0,1,0.731494,0.18049,0.620861,0.146544
BRD-A69592287,0,1,0.77703,0.09496,0.738544,0.140277
BRD-A70268693,0,1,0.443518,0.117593,0.366264,0.04032
BRD-A71009679,0,1,0.449401,0.139378,0.353801,0.07554
BRD-A71033472,0,1,0.452152,0.125909,0.295172,0.064376
BRD-A71707563,0,1,0.541796,0.177849,0.469565,0.147351
BRD-A72666989,0,1,0.878156,0.16728,0.798019,0.120938
BRD-A73847809,0,1,0.472236,0.099504,0.411625,0.076003
BRD-A73908300,0,1,0.601669,0.137306,0.473341,0.109166
BRD-A74767450,0,1,0.529794,0.053671,0.485473,0.069142
BRD-A75517195,0,1,0.206913,0.059496,0.226686,0.033108
BRD-A75552914,0,1,0.488671,0.067356,0.427268,0.02328
BRD-A75769826,0,1,0.431857,0.120188,0.496838,0.07998
BRD-A76490030,1,0,0.686809,0.300405,0.669185,0.381295
BRD-A77050075,0,1,0.411205,0.093253,0.368323,0.052921
BRD-A77704559,0,1,0.523199,0.10861,0.477094,0.069198
BRD-A78942461,0,1,0.565361,0.11974,0.523461,0.047211
BRD-A79237180,0,1,0.375003,0.131703,0.343507,0.067897
BRD-A79903587,0,1,0.425568,0.099127,0.337526,0.099398
BRD-A80383043,0,1,0.527415,0.149668,0.42972,0.083837
BRD-A80574334,0,1,0.554065,0.145625,0.509913,0.13026
BRD-A81282034,0,1,0.583415,0.245929,0.572454,0.224639
BRD-A81772229,0,1,0.47564,0.164817,0.505394,0.14452
BRD-A82307304,1,1,0.403038,0.141803,0.361756,0.105237
BRD-A83124583,0,1,0.664827,0.413937,0.691264,0.526296
BRD-A84098870,0,1,0.349274,0.181058,0.325266,0.075226
BRD-A84189516,0,1,0.486519,0.08045,0.454806,0.058519
BRD-A84205515,0,1,0.338073,0.057805,0.315308,0.01096
BRD-A85891951,0,1,0.499544,0.112863,0.427335,0.07793
BRD-A87719232,0,1,0.231505,0.072143,0.28945,0.050379
BRD-A89067742,0,1,0.389967,0.105716,0.346215,0.067123
BRD-A90643929,0,1,0.459509,0.109288,0.442573,0.088711
BRD-A91008255,1,0,0.416078,0.118749,0.407786,0.074169
BRD-A91699651,1,0,0.249527,0.046766,0.295514,0.030473
BRD-A92630576,0,1,0.396992,0.068947,0.482775,-0.00703
BRD-A93269281,1,0,0.269704,0.040358,0.335081,0.075579
BRD-A93964801,0,1,0.542965,0.119751,0.618025,0.081545
BRD-A94546435,0,1,0.580273,0.345499,0.443749,0.186716
BRD-A94810754,0,1,0.792302,0.073925,0.700723,0.151605
BRD-A95513702,0,1,0.471468,0.117203,0.445797,0.088563
BRD-A95602221,0,1,0.560661,0.145724,0.426853,0.081277
BRD-A95939040,0,1,0.417481,0.079363,0.431857,0.040479
BRD-A95944315,0,1,0.502875,0.13314,0.434296,0.095306
BRD-A96456596,0,1,0.415679,0.075723,0.43978,0.040391
BRD-A98050686,0,1,0.39968,0.15303,0.379589,0.126693
BRD-A98175426,1,0,0.6128,0.299921,0.589472,0.338515
BRD-A98777808,0,1,0.56705,0.16129,0.517723,0.129705
BRD-A99571536,0,1,0.652536,0.274967,0.611788,0.280707
BRD-K00088062,0,1,0.283433,0.05758,0.289178,0.031727
BRD-K00185670,0,1,0.277654,0.031029,0.3854,0.000199
BRD-K00248354,0,1,0.580373,0.036309,0.4788,0.098688
BRD-K00256256,1,0,0.402071,0.10097,0.372988,0.053241
BRD-K00259552,1,1,0.545477,0.39996,0.487752,0.286467
BRD-K00262440,0,1,0.096186,-0.040538,0.228125,-0.068698
BRD-K00403046,1,0,0.278007,0.10007,0.25288,0.055127
BRD-K00445923,0,1,0.322246,0.09187,0.293899,-0.055429
BRD-K00502422,0,1,0.255183,0.098134,0.205399,-0.007756
BRD-K00513921,0,1,0.236116,0.088467,0.255122,0.067509
BRD-K00549983,0,1,0.251313,0.098298,0.303453,0.086643
BRD-K00600835,0,1,0.168887,0.010541,0.30241,-0.063096
BRD-K00664012,0,1,0.305243,0.071105,0.35152,0.034587
BRD-K00675675,0,1,0.46986,0.100842,0.424403,0.075389
BRD-K00689442,0,1,0.368434,0.061435,0.44533,0.060854
BRD-K00715257,0,1,0.434472,0.105601,0.357954,0.004074
BRD-K00740489,0,1,0.250013,0.138766,0.306303,0.057371
BRD-K00765103,1,1,0.472244,0.146132,0.408351,0.147577
BRD-K00842536,0,1,0.311014,0.084898,0.302161,0.038813
BRD-K00846914,0,1,0.441357,0.081429,0.304449,0.069691
BRD-K00959089,0,1,0.496156,0.067008,0.426375,0.040358
BRD-K00977230,0,1,0.003628,-0.083433,0.163463,-0.075111
BRD-K01037390,0,1,0.397793,0.080249,0.334555,0.031964
BRD-K01071579,0,1,0.379403,0.095748,0.331893,0.076013
BRD-K01312966,0,1,0.526833,0.065699,0.402319,0.041315
BRD-K01329157,0,1,0.176418,0.035478,0.344604,0.03208
BRD-K01400178,0,1,0.438557,0.092052,0.403587,0.04962
BRD-K01448700,0,1,0.052204,0.12187,0.324559,0.196952
BRD-K01566563,0,1,0.457513,0.077573,0.396528,0.077188
BRD-K01612348,0,1,0.428852,0.129521,0.409699,0.040898
BRD-K01763173,0,1,0.077444,0.090895,0.220302,0.061495
BRD-K01876557,0,1,0.274068,-0.003714,0.351585,0.017352
BRD-K02014458,0,1,0.408672,0.301463,0.425849,0.267494
BRD-K02055666,1,1,0.225884,0.04983,0.294379,0.000942
BRD-K02065962,0,1,0.256456,0.087142,0.247115,0.026072
BRD-K02072940,0,1,0.260878,0.20437,0.239414,0.100617
BRD-K02113384,0,1,0.394483,0.107328,0.37707,0.073612
BRD-K02123250,0,1,0.322959,0.077748,0.444935,0.055632
BRD-K02170312,0,1,0.279566,0.171308,0.362115,0.182704
BRD-K02217114,0,1,0.33404,0.091093,0.267064,-0.019483
BRD-K02240493,0,1,0.34968,0.140524,0.334507,0.112362
BRD-K02257023,0,1,0.220997,0.035783,0.222576,0.10619
BRD-K02291788,0,1,0.424766,-0.022109,0.304289,-0.071392
BRD-K02315366,0,1,0.309269,0.047109,0.327148,0.036932
BRD-K02354331,0,1,0.281312,0.071473,0.332732,0.034373
BRD-K02401733,0,1,0.377489,0.178942,0.409888,0.084994
BRD-K02409808,0,1,0.389434,0.079875,0.421279,0.037612
BRD-K02427049,0,1,0.336306,0.070348,0.335608,0.021918
BRD-K02545368,0,1,0.28806,0.055611,0.337715,-0.093225
BRD-K02559684,0,1,-0.045862,0.10541,0.075609,0.09886
BRD-K02560333,0,1,0.259298,0.03989,0.324365,0.048226
BRD-K02562327,0,1,0.50456,0.268664,0.539496,0.241634
BRD-K02823077,0,1,0.33098,0.090785,0.363031,0.039794
BRD-K02847640,0,1,0.224811,0.097603,0.247982,0.057964
BRD-K03067624,0,1,0.794589,0.531912,0.794678,0.566592
BRD-K03088187,0,1,0.297253,0.111615,0.314805,0.026467
BRD-K03188480,0,1,0.24487,0.16064,0.284311,0.008385
BRD-K03222452,0,1,0.417264,0.083798,0.490489,0.074984
BRD-K03228992,0,1,0.25698,0.038989,0.30814,0.029623
BRD-K03243820,0,1,0.507759,0.162722,0.470781,0.14593
BRD-K03358980,0,1,0.366852,0.072161,0.321538,0.029965
BRD-K03391109,1,1,0.354281,0.044887,0.313642,0.062523
BRD-K03406275,0,1,0.295992,0.045112,0.346233,0.021895
BRD-K03448064,0,1,0.280864,0.050166,0.343676,0.046474
BRD-K03608142,0,1,0.394429,0.09441,0.368215,0.03903
BRD-K03641750,0,1,0.421326,0.053241,0.493436,-0.02797
BRD-K03644600,0,1,0.22424,0.084449,0.263355,0.08684
BRD-K03779476,0,1,0.373339,0.062478,0.344812,0.011412
BRD-K03829970,0,1,0.675633,0.379819,0.669952,0.404087
BRD-K04021425,0,1,0.447063,0.219872,0.424268,0.006307
BRD-K04111260,0,1,0.367066,0.061815,0.450369,0.015231
BRD-K04136539,0,1,0.393844,0.079391,0.341143,0.034836
BRD-K04170657,0,1,0.671127,0.141052,0.531421,0.102925
BRD-K04262969,0,1,0.452351,0.108739,0.433464,0.07318
BRD-K04267190,0,1,0.17363,0.089146,0.24281,0.050681
BRD-K04291521,0,1,0.369118,0.194332,0.296206,0.004652
BRD-K04309313,0,1,0.58696,0.159687,0.555746,0.25842
BRD-K04371396,0,1,0.022391,0.035106,0.101269,-0.040906
BRD-K04414442,0,1,0.478224,0.156112,0.450571,0.126025
BRD-K04443175,0,1,0.369444,0.094752,0.336342,0.031262
BRD-K04458934,0,1,0.199186,0.020166,0.258279,-0.030905
BRD-K04465546,0,1,0.257718,0.020323,0.070546,-0.054627
BRD-K04521490,0,1,0.395742,0.241628,0.46022,0.171496
BRD-K04548931,1,1,0.844993,0.34779,0.799004,0.443741
BRD-K04623885,0,1,0.313189,0.086863,0.298204,0.078242
BRD-K04627808,0,1,0.280593,0.130878,0.381606,0.06587
BRD-K04680237,0,1,0.32617,0.087849,0.394319,0.119128
BRD-K04682465,0,1,0.551075,0.16607,0.533376,0.167103
BRD-K04687955,0,1,0.347988,0.10499,0.371772,0.044594
BRD-K04710043,0,1,0.616698,0.098627,0.54733,0.06939
BRD-K04749191,0,1,0.309212,0.107415,0.267556,0.077395
BRD-K04882719,1,1,0.009618,0.017566,0.131394,0.019946
BRD-K05130619,0,1,0.299883,0.144945,0.348904,0.094666
BRD-K05153001,0,1,0.646526,0.404546,0.683672,0.470626
BRD-K05205967,1,1,-0.201618,0.07182,-0.007663,0.039469
BRD-K05236810,0,1,0.536116,0.104162,0.482614,0.043186
BRD-K05273600,0,1,0.183281,0.090082,0.236024,0.045932
BRD-K05395900,0,1,0.284574,0.057,0.393389,0.021354
BRD-K05398363,0,1,-0.5346,-0.033687,-0.075711,0.01407
BRD-K05519665,0,1,0.289395,0.102099,0.287312,0.03238
BRD-K05542495,0,1,0.460851,0.103735,0.37458,0.053158
BRD-K05639721,0,1,0.361347,0.050681,0.438146,0.051996
BRD-K05643885,0,1,0.508706,0.204877,0.458653,0.220554
BRD-K05686172,0,1,0.672904,0.266475,0.604373,0.161406
BRD-K05717370,0,1,0.424208,0.243405,0.317046,0.066385
BRD-K05737787,0,1,0.478869,0.093017,0.465015,0.042683
BRD-K05814022,1,1,0.323977,0.067246,0.357468,0.04993
BRD-K05831461,0,1,0.318282,0.118688,0.261076,0.007175
BRD-K05833481,0,1,0.401698,0.133692,0.38883,0.068578
BRD-K05856102,0,1,0.306052,0.089083,0.365663,0.054622
BRD-K05961870,0,1,0.283756,0.044882,0.241312,-0.011452
BRD-K05977355,0,1,0.358173,0.076388,0.420305,0.032833
BRD-K06024458,0,1,0.467913,0.080527,0.39512,0.074143
BRD-K06062006,0,1,0.355133,0.144599,0.373204,0.168222
BRD-K06064877,0,1,0.129662,0.043931,0.261379,0.014963
BRD-K06071925,1,1,0.295517,0.078336,0.30817,0.042785
BRD-K06188347,1,1,0.310704,0.067572,0.287971,0.014369
BRD-K06373645,0,1,0.222756,0.083793,0.266032,0.052548
BRD-K06401240,0,1,0.561008,0.134193,0.498847,0.09802
BRD-K06425073,1,1,0.230835,0.096553,0.28402,0.053891
BRD-K06432680,0,1,0.330258,0.083265,0.349951,0.063637
BRD-K06467078,0,1,0.243221,0.083746,0.306117,0.035371
BRD-K06486491,0,1,0.660636,0.044014,0.616278,-0.006695
BRD-K06514792,0,1,0.383723,0.106003,0.332235,0.051239
BRD-K06543683,0,1,0.815944,0.336652,0.780484,0.449892
BRD-K06555716,0,1,0.550989,0.073952,0.44988,0.063982
BRD-K06652922,0,1,0.400046,0.094063,0.397542,0.073382
BRD-K06723172,0,1,0.257603,0.025614,0.3227,0.038943
BRD-K06772064,0,1,0.36075,0.065952,0.297514,0.030056
BRD-K06800040,1,0,0.346425,0.045158,0.329344,0.021382
BRD-K06816133,0,1,0.277203,0.060095,0.358879,0.051651
BRD-K06896230,0,1,0.333211,0.091032,0.222437,-0.027715
BRD-K06992369,0,1,0.316046,0.059714,0.359991,0.027876
BRD-K07008972,0,1,0.161908,0.007024,0.319252,-0.043778
BRD-K07064094,0,1,0.168671,0.021067,0.3618,0.03905
BRD-K07105437,0,1,0.249636,0.052968,0.262624,0.000838
BRD-K07107626,0,1,0.321397,0.09699,0.351609,0.048293
BRD-K07329815,0,1,0.225149,0.036027,0.275154,0.013752
BRD-K07381195,0,1,0.290053,0.060521,0.272965,-0.00537
BRD-K07403598,0,1,0.499425,0.133274,0.453507,0.126945
BRD-K07418207,0,1,0.323485,0.121216,0.322417,0.091258
BRD-K07508147,0,1,0.414352,0.103515,0.42431,0.10289
BRD-K07568447,0,1,0.140263,0.075697,0.233447,0.055316
BRD-K07577534,0,1,0.065284,0.058442,0.232733,0.127968
BRD-K07604665,0,1,0.518052,0.165424,0.505264,0.045276
BRD-K07748118,1,1,0.371486,0.059897,0.373993,0.015584
BRD-K07807999,0,1,0.234893,0.050407,0.286032,0.031855
BRD-K07859598,0,1,0.347593,0.066562,0.393451,0.023595
BRD-K07921357,0,1,0.374562,0.074682,0.303045,0.06852
BRD-K07937631,0,1,0.446256,0.211119,0.331918,0.144296
BRD-K07995125,0,1,0.541985,0.163052,0.500989,0.169827
BRD-K08002976,0,1,0.463709,0.070159,0.433217,0.091284
BRD-K08039553,0,1,0.285488,0.08618,0.38642,0.133405
BRD-K08080638,0,1,0.856681,0.098156,0.765132,0.148262
BRD-K08115555,1,0,0.407337,0.085735,0.399121,0.027576
BRD-K08171986,0,1,0.402012,0.131437,0.389017,0.061392
BRD-K08378202,0,1,0.354738,0.135169,0.321092,0.059502
BRD-K08482401,0,1,0.379062,0.140415,0.355879,0.084551
BRD-K08519668,0,1,0.147938,0.056492,0.307722,0.056928
BRD-K08589866,0,1,0.2572,0.054212,0.256001,0.046871
BRD-K08607084,0,1,0.591211,0.062367,0.418544,0.100226
BRD-K08725381,0,1,0.362719,0.09979,0.300749,0.004657
BRD-K08852751,0,1,0.472015,0.058133,0.446661,0.043805
BRD-K08999871,0,1,0.328468,0.167458,0.329129,0.145767
BRD-K09076022,0,1,0.198863,0.100075,0.284119,0.036656
BRD-K09080977,0,1,0.349674,0.062133,0.405556,0.043826
BRD-K09129322,0,1,0.067026,0.057271,0.181156,-0.023063
BRD-K09253654,0,1,0.687338,0.016788,0.621921,0.062117
BRD-K09299610,0,1,0.501218,0.130809,0.453452,0.076183
BRD-K09324015,0,1,0.371084,0.071653,0.389908,0.063783
BRD-K09324395,0,1,0.699731,0.000713,0.618337,0.087618
BRD-K09329774,0,1,0.244297,0.097727,0.307804,0.054914
BRD-K09503339,0,1,0.195186,0.087646,0.265234,0.027917
BRD-K09521750,0,1,0.199085,0.141298,0.351588,0.114912
BRD-K09527783,1,1,0.287324,0.049963,0.323562,-0.001337
BRD-K09632545,0,1,0.321261,0.08173,0.276751,0.018204
BRD-K09638361,0,1,0.526419,0.185184,0.518458,0.189143
BRD-K09641113,0,1,0.241538,0.084665,0.283054,0.04451
BRD-K09716788,0,1,0.486674,0.104399,0.424732,0.080003
BRD-K09725203,0,1,0.493338,0.085374,0.624849,0.178132
BRD-K09729851,0,1,0.174265,0.124939,0.247077,0.029638
BRD-K09779552,0,1,0.415448,0.032278,0.449726,-0.022624
BRD-K09780243,0,1,0.351044,0.084796,0.434272,0.048224
BRD-K09821933,0,1,0.216302,0.102157,0.305653,0.020718
BRD-K09854848,0,1,0.616111,0.263048,0.613105,0.343902
BRD-K09945302,0,1,0.387187,0.210126,0.503351,0.184052
BRD-K09973807,0,1,0.318314,0.083038,0.321742,0.020191
BRD-K10006632,0,1,0.23494,0.025095,0.33454,-0.03472
BRD-K10008415,0,1,0.109369,0.030123,0.251631,-0.006398
BRD-K10055064,0,1,0.227295,0.013439,0.279313,0.00075
BRD-K10064333,0,1,0.220758,0.07741,0.337487,0.085455
BRD-K10108893,0,1,0.373663,-0.033225,0.34331,-0.04535
BRD-K10207760,0,1,0.498543,0.215317,0.547205,0.247325
BRD-K10232869,0,1,0.38167,0.12234,0.406599,0.11474
BRD-K10279202,0,1,0.364773,0.079256,0.392871,0.059039
BRD-K10325955,0,1,0.412089,0.193003,0.38506,0.136859
BRD-K10361096,0,1,0.587937,0.218159,0.655134,0.219765
BRD-K10405667,1,0,0.498656,0.106023,0.402662,0.075038
BRD-K10421834,0,1,0.489033,0.128203,0.416636,0.126122
BRD-K10432434,0,1,0.241745,0.1608,0.291907,0.11297
BRD-K10486333,0,1,0.463214,0.256178,0.295671,0.180904
BRD-K10491285,0,1,0.434863,0.114172,0.472187,0.102826
BRD-K10501200,0,1,0.565937,0.095193,0.541911,0.03883
BRD-K10609180,0,1,0.403375,0.07196,0.358247,0.057212
BRD-K10657952,0,1,0.384505,0.085793,0.419883,0.083255
BRD-K10706131,0,1,0.44558,0.191637,0.373776,0.131778
BRD-K10709111,0,1,0.266837,0.049767,0.318274,0.018013
BRD-K10774870,1,1,0.242735,0.018973,0.218998,-2.8e-05
BRD-K10775155,0,1,0.422117,0.252818,0.337,0.132714
BRD-K10813758,0,1,0.222517,0.208159,0.420467,0.212486
BRD-K10839108,0,1,0.156777,-0.01896,0.269476,-0.02477
BRD-K10923439,0,1,0.428054,0.19284,0.291468,0.10267
BRD-K10937407,0,1,0.453685,0.09443,0.484257,0.071919
BRD-K10954923,0,1,0.251771,0.046275,0.276518,0.013708
BRD-K11072542,0,1,0.445278,0.095014,0.398828,0.047745
BRD-K11093795,1,1,0.338135,0.118117,0.299924,0.023955
BRD-K11097458,1,1,0.146584,0.100988,0.186033,-0.02154
BRD-K11107424,0,1,0.498699,0.12541,0.421336,0.076625
BRD-K11171096,0,1,0.363431,0.102253,0.392187,0.083223
BRD-K11264391,0,1,0.736508,0.159817,0.603219,0.103155
BRD-K11392157,0,1,0.195225,0.057524,0.273624,0.018857
BRD-K11468634,0,1,0.385988,0.104429,0.409034,0.110753
BRD-K11483659,0,1,0.254835,0.05246,0.321041,0.030487
BRD-K11577165,0,1,0.588241,0.206817,0.474701,0.166013
BRD-K11640013,0,1,0.3575,0.158571,0.443345,0.116093
BRD-K11758216,0,1,0.501301,0.078206,0.436335,0.056315
BRD-K11914584,0,1,0.080678,0.034961,0.212598,0.038102
BRD-K11943259,0,1,0.307882,0.088093,0.288244,0.016821
BRD-K12002134,0,1,0.551737,0.137104,0.483459,0.144291
BRD-K12105018,0,1,0.387465,0.064111,0.329317,0.021325
BRD-K12108140,0,1,0.098574,0.01641,0.251897,-0.042791
BRD-K12124649,0,1,0.390424,0.122652,0.366075,0.047999
BRD-K12177722,0,1,0.344128,0.076559,0.398446,0.107643
BRD-K12189280,0,1,0.265865,0.04047,0.394428,0.036282
BRD-K12342216,1,1,0.204818,0.028301,0.333232,0.001475
BRD-K12388484,0,1,0.216233,0.087888,0.308056,0.053037
BRD-K12437911,0,1,0.347083,0.164906,0.316357,0.044136
BRD-K12450081,0,1,0.509479,0.216652,0.129513,0.017747
BRD-K12516989,0,1,0.430859,0.099854,0.383693,0.056889
BRD-K12598223,0,1,0.359212,0.145283,0.36682,0.030533
BRD-K12604570,0,1,0.319774,0.119527,0.30308,0.036511
BRD-K12621773,0,1,0.478571,0.095874,0.427846,0.055826
BRD-K12623437,0,1,0.410419,0.151454,0.31857,0.088044
BRD-K12642652,0,1,0.177496,0.12094,0.267961,0.091794
BRD-K12791594,0,1,-0.141279,-0.069374,-0.07017,-0.078563
BRD-K12906962,0,1,0.534727,0.241076,0.521768,0.252996
BRD-K12973880,0,1,0.212164,0.10175,0.34007,0.036652
BRD-K13002201,0,1,0.144137,0.153424,0.292104,0.038058
BRD-K13005598,0,1,0.517723,0.142208,0.405986,0.046959
BRD-K13028566,0,1,0.206436,0.039989,0.265723,0.012277
BRD-K13032584,0,1,0.456663,0.064763,0.480133,0.012425
BRD-K13036885,0,1,0.298683,0.07575,0.272889,0.024699
BRD-K13049116,0,1,0.305537,0.147241,0.329895,0.134396
BRD-K13069055,0,1,0.257966,0.058808,0.284202,0.014986
BRD-K13107877,0,1,0.253174,0.075517,0.264545,0.021728
BRD-K13131627,0,1,0.279167,0.122573,0.29984,0.087455
BRD-K13146765,0,1,0.348312,0.146967,0.319048,0.058738
BRD-K13205342,1,1,0.297063,0.00486,0.374545,0.009694
BRD-K13238168,0,1,0.676157,0.225442,0.602432,0.296087
BRD-K13272610,1,0,0.427049,0.224472,0.344846,0.098482
BRD-K13513398,0,1,0.327326,0.096064,0.340011,0.067126
BRD-K13533483,0,1,0.364738,0.16984,0.435107,0.178677
BRD-K13544395,0,1,0.590133,0.347251,0.479379,0.322015
BRD-K13558526,0,1,0.292611,0.139989,0.295138,-0.035927
BRD-K13566078,1,0,0.387272,0.197396,0.469743,0.179567
BRD-K13580623,0,1,0.519042,0.165937,0.446706,0.111418
BRD-K13604076,0,1,0.441468,0.120386,0.369369,0.092995
BRD-K13642330,0,1,0.628729,0.123747,0.599109,0.105225
BRD-K13653700,0,1,-0.006615,-0.0715,0.193441,-0.022473
BRD-K13679108,0,1,0.212471,0.18302,0.319846,0.176168
BRD-K13697129,0,1,0.412582,0.123024,0.482446,0.034727
BRD-K13725475,0,1,0.506566,0.196365,0.440677,0.175667
BRD-K13982317,0,1,0.470559,0.05353,0.399724,0.005843
BRD-K14023438,0,1,0.215654,0.071351,0.269111,0.065811
BRD-K14027855,0,1,0.65048,0.334612,0.687901,0.429046
BRD-K14169964,0,1,0.243851,0.043187,0.287709,-0.010585
BRD-K14196440,0,1,0.288766,0.062831,0.273863,0.017414
BRD-K14199536,0,1,0.287754,0.081159,0.315771,-0.007945
BRD-K14214369,0,1,0.395907,0.030179,0.339298,0.025182
BRD-K14324645,0,1,0.421034,0.074256,0.39994,0.043019
BRD-K14340219,0,1,0.257156,0.07432,0.279418,0.047223
BRD-K14346766,0,1,0.291197,0.06873,0.24657,0.008764
BRD-K14417684,0,1,0.230365,0.068344,0.292365,0.016655
BRD-K14487375,0,1,0.242138,0.055213,0.258151,0.02552
BRD-K14609189,0,1,0.437877,0.099424,0.38893,0.026546
BRD-K14622703,0,1,0.704573,0.337107,0.7248,0.436534
BRD-K14652476,0,1,0.257596,0.047295,0.252242,0.007469
BRD-K14696368,0,1,0.238044,0.04996,0.215825,0.009664
BRD-K14736141,0,1,0.153938,0.096198,0.237592,0.046377
BRD-K14765469,0,1,0.392649,0.068827,0.398714,0.043974
BRD-K14801883,0,1,0.241162,0.119022,0.363114,0.112037
BRD-K14920963,0,1,0.604221,0.226864,0.556492,0.210755
BRD-K14939371,0,1,0.572907,0.219333,0.541931,0.21052
BRD-K14965640,0,1,0.359868,0.072729,0.340157,0.014655
BRD-K15013036,0,1,0.535525,0.309549,0.565239,0.339238
BRD-K15030062,0,1,0.205292,0.055244,0.26213,0.015887
BRD-K15108141,0,1,0.303706,0.164483,0.354503,0.162029
BRD-K15219339,0,1,0.355414,0.095808,0.369997,0.069269
BRD-K15240833,0,1,0.242412,0.129482,0.236377,0.044643
BRD-K15420741,0,1,0.655252,0.084883,0.595272,0.132718
BRD-K15513102,0,1,0.289687,0.13897,0.314285,0.09392
BRD-K15519488,0,1,0.651475,0.165744,0.56255,0.135337
BRD-K15524596,0,1,0.431507,0.105432,0.400553,0.109409
BRD-K15579005,0,1,0.310908,0.048746,0.402905,0.063648
BRD-K15594502,0,1,0.423808,0.095811,0.381582,0.083863
BRD-K15600521,0,1,0.495509,0.140526,0.479377,0.136988
BRD-K15634164,0,1,0.409091,0.174332,0.413817,0.116082
BRD-K15651660,0,1,0.559352,0.337127,0.607276,0.243639
BRD-K15768839,0,1,0.344802,0.134675,0.293326,0.059248
BRD-K15804688,0,1,0.369148,0.088035,0.327883,0.002242
BRD-K15882173,0,1,0.360256,0.0731,0.41244,0.069692
BRD-K15955205,1,1,0.285011,0.019427,0.336458,-0.045585
BRD-K15973523,0,1,0.344502,0.082841,0.327309,0.045644
BRD-K16009699,0,1,0.33498,0.094395,0.355029,0.073908
BRD-K16010201,0,1,0.231462,0.057579,0.265474,-0.001841
BRD-K16057611,0,1,0.494194,0.097633,0.42959,0.064194
BRD-K16097209,0,1,0.398248,0.133074,0.375527,0.068155
BRD-K16158586,0,1,0.294822,0.168778,0.335366,0.03687
BRD-K16323731,0,1,0.22103,0.056994,0.288364,0.041887
BRD-K16331350,0,1,0.229814,0.082218,0.276316,0.078715
BRD-K16347954,0,1,0.33117,0.139015,0.319838,0.061797
BRD-K16533489,1,0,0.603661,0.349976,0.61942,0.432248
BRD-K16535949,1,1,0.173063,0.034046,0.357899,0.02695
BRD-K16541732,0,1,0.459853,0.165558,0.486583,0.196434
BRD-K16561564,0,1,0.244952,0.035041,0.266204,0.078597
BRD-K16673836,1,1,0.271453,0.098371,0.271979,0.058838
BRD-K16980601,0,1,0.213193,0.017625,0.335229,0.041915
BRD-K17003857,0,1,0.396467,0.119447,0.428699,0.143601
BRD-K17119186,1,0,0.479142,0.145226,0.49724,0.15436
BRD-K17155259,0,1,0.333998,0.004141,0.136723,0.010172
BRD-K17219111,0,1,0.713463,0.160757,0.588567,0.062521
BRD-K17289060,0,1,0.301612,0.086588,0.373367,0.066449
BRD-K17333907,0,1,0.140814,0.004302,0.335688,-0.001972
BRD-K17535604,0,1,0.316356,0.041073,0.366494,0.029157
BRD-K17654006,0,1,0.172174,0.019568,0.225092,0.018727
BRD-K17698750,0,1,0.50507,0.16299,0.323688,0.096071
BRD-K17742539,0,1,0.386787,0.325102,0.484307,0.33447
BRD-K17806071,0,1,0.397859,0.1236,0.241177,0.015606
BRD-K17817744,1,1,0.094461,-0.009493,0.20884,-0.025717
BRD-K17976466,0,1,0.312283,0.132602,0.325125,0.050049
BRD-K18025010,0,1,0.374677,0.088046,0.382756,0.056928
BRD-K18059480,1,1,0.227061,0.054824,0.24531,0.016339
BRD-K18127951,0,1,0.148331,0.057265,0.291954,0.043164
BRD-K18153171,0,1,0.268178,0.065064,0.355713,0.082947
BRD-K18163752,0,1,0.608922,0.303906,0.618988,0.364102
BRD-K18238232,1,1,0.11695,0.022909,0.256808,0.006122
BRD-K18241892,0,1,0.330243,0.110216,0.310804,0.0656
BRD-K18255961,0,1,0.204229,0.103564,0.286465,0.092556
BRD-K18271121,0,1,0.263472,0.059165,0.379301,0.05878
BRD-K18298066,0,1,0.393354,0.150221,0.346165,0.056279
BRD-K18359792,0,1,0.47954,0.182818,0.404413,0.062323
BRD-K18545493,0,1,-0.057965,0.044843,0.075409,-0.078879
BRD-K18561719,0,1,0.239815,0.127983,0.307587,0.126369
BRD-K18571495,0,1,0.374805,0.110639,0.382231,0.068963
BRD-K18587499,0,1,0.539699,0.081306,0.44249,0.045218
BRD-K18589989,0,1,0.391266,0.166908,0.347505,0.086044
BRD-K18674849,0,1,0.413878,0.075459,0.403164,0.031886
BRD-K18742343,0,1,0.449934,0.071095,0.401504,0.033664
BRD-K18793708,0,1,0.268388,0.068952,0.258804,-0.015906
BRD-K18812295,0,1,0.797059,0.512456,0.808986,0.604011
BRD-K18823018,0,1,0.376735,0.091233,0.361571,0.077634
BRD-K18863894,0,1,0.554719,0.022908,0.565033,-0.045453
BRD-K18865856,0,1,0.404889,0.107763,0.320783,0.064131
BRD-K18883945,0,1,0.185896,0.025086,0.188495,-0.042218
BRD-K18942395,0,1,0.152443,0.197559,0.118499,0.019651
BRD-K18999740,0,1,0.290299,0.11956,0.346868,0.061298
BRD-K19027210,0,1,0.329257,0.072744,0.282049,0.023287
BRD-K19054197,0,1,0.428077,0.229064,0.448464,0.148276
BRD-K19061245,1,1,0.12072,0.065291,0.204315,0.009227
BRD-K19073426,0,1,0.528526,0.195047,0.466083,0.221178
BRD-K19107160,0,1,0.599066,0.148946,0.4935,0.087366
BRD-K19213530,0,1,0.241882,0.055204,0.228153,0.021054
BRD-K19220233,0,1,0.656237,0.191229,0.655586,0.220696
BRD-K19294102,0,1,0.27449,0.01399,0.353604,-0.036986
BRD-K19295594,0,1,0.316711,0.09417,0.319939,0.093105
BRD-K19325173,0,1,0.386012,0.167326,0.397399,0.133294
BRD-K19358815,0,1,0.503298,0.094169,0.415361,0.055319
BRD-K19405573,0,1,0.275528,0.061022,0.314264,0.001596
BRD-K19433082,0,1,0.449442,0.100063,0.423299,0.069437
BRD-K19472114,0,1,0.143463,0.03589,0.255862,-0.044637
BRD-K19525698,0,1,0.455169,0.082958,0.393301,0.044792
BRD-K19554809,0,1,0.602273,0.311998,0.630582,0.321211
BRD-K19642661,0,1,0.24969,0.029449,0.395367,-0.017469
BRD-K19729667,0,1,0.472851,0.108405,0.459607,0.117751
BRD-K19825378,0,1,0.135144,0.062843,0.244095,0.04166
BRD-K19870323,0,1,0.393855,0.022723,0.395065,0.004304
BRD-K19885561,0,1,0.521405,0.089023,0.419614,0.070278
BRD-K19888970,0,1,0.339884,0.072886,0.346283,0.015008
BRD-K19919069,0,1,0.563411,0.19383,0.5152,0.06892
BRD-K19949652,0,1,0.147824,0.020593,0.25411,-0.014603
BRD-K20019319,1,1,0.43268,0.13718,0.387759,-0.052809
BRD-K20023110,0,1,0.395243,0.099296,0.321915,0.001434
BRD-K20032161,0,1,0.277902,0.050016,0.311115,0.019078
BRD-K20044426,0,1,0.473933,0.123888,0.414079,0.055942
BRD-K20075662,0,1,0.616479,0.142102,0.528915,0.061935
BRD-K20079620,0,1,0.368133,0.057804,0.328956,0.034344
BRD-K20103689,0,1,0.23026,0.098739,0.297753,0.047272
BRD-K20112532,0,1,0.487803,0.204956,0.40691,0.12252
BRD-K20146413,0,1,0.431843,0.097009,0.371761,0.07012
BRD-K20255967,0,1,0.483887,0.115163,0.439081,0.077046
BRD-K20310932,0,1,0.303887,0.119343,0.315087,0.089524
BRD-K20332840,0,1,0.310207,0.092608,0.295759,0.045557
BRD-K20347745,0,1,0.007224,-0.034628,0.294913,-0.06337
BRD-K20351658,1,1,0.310541,0.086858,0.290057,0.069788
BRD-K20497962,0,1,0.388027,0.093875,0.384814,0.091865
BRD-K20582542,0,1,0.148884,0.073902,0.2035,0.06859
BRD-K20601561,0,1,0.312247,0.069277,0.27098,-0.008263
BRD-K20604601,0,1,0.554786,0.092295,0.598663,0.194924
BRD-K20820984,0,1,0.204379,0.053753,0.263686,0.034787
BRD-K20857608,0,1,0.286494,0.073045,0.327554,0.044069
BRD-K20863480,0,1,0.27591,0.100133,0.285231,0.012326
BRD-K20902354,0,1,0.330328,0.073981,0.304662,0.015453
BRD-K20914452,0,1,0.363674,0.147236,0.332071,0.099213
BRD-K20931972,0,1,0.385457,0.14191,0.400341,0.179915
BRD-K20965564,1,1,0.140188,0.248049,0.334618,0.250913
BRD-K21154786,0,1,0.355681,0.120275,0.31158,0.028985
BRD-K21161559,0,1,0.277084,0.085182,0.281058,0.002987
BRD-K21165668,0,1,0.476838,0.107662,0.427571,0.103588
BRD-K21364577,1,1,0.480798,0.294142,0.5241,0.310154
BRD-K21400518,0,1,0.43384,0.113577,0.404285,0.087963
BRD-K21614065,1,0,0.269619,0.05646,0.24997,0.040855
BRD-K21630495,0,1,0.358493,0.080603,0.340569,0.092025
BRD-K21660676,0,1,0.063992,0.147295,0.154593,0.048542
BRD-K21668646,0,1,0.390927,0.099076,0.329226,0.051498
BRD-K21672174,0,1,0.420607,0.175472,0.477794,0.221548
BRD-K21747841,0,1,0.232426,0.117239,0.330068,0.032943
BRD-K21991827,0,1,0.130673,0.076865,0.254726,0.073175
BRD-K22052171,0,1,0.486487,0.097564,0.489194,0.103796
BRD-K22080587,0,1,0.280292,0.047373,0.352916,0.03867
BRD-K22127625,0,1,0.275404,0.032821,0.315471,0.003537
BRD-K22173650,0,1,0.436249,0.243291,0.48085,0.233542
BRD-K22204517,0,1,0.245606,0.069991,0.29929,0.051315
BRD-K22246751,0,1,0.245301,0.055148,0.338053,0.0414
BRD-K22261046,0,1,0.261859,0.047979,0.282976,-0.008005
BRD-K22307331,0,1,0.084387,0.035748,0.282576,-0.012654
BRD-K22314621,0,1,0.144483,0.053525,0.238054,0.025078
BRD-K22428007,1,1,0.311606,0.063177,0.37907,0.038695
BRD-K22449070,0,1,0.542375,0.132268,0.453133,0.083069
BRD-K22479833,1,1,-0.108567,0.248968,0.217535,0.060157
BRD-K22485649,0,1,0.350869,0.10335,0.387653,0.06594
BRD-K22609494,0,1,-0.340878,-0.015919,-0.017548,-0.032883
BRD-K22643403,0,1,0.353076,0.119431,0.345525,0.084441
BRD-K22663811,0,1,0.485119,-0.063915,0.333779,-0.092818
BRD-K22695599,0,1,0.328817,0.099857,0.380929,0.041832
BRD-K22719646,0,1,0.359453,0.059018,0.358021,0.0277
BRD-K22828860,0,1,0.373586,0.044382,0.348053,0.038537
BRD-K22951866,0,1,0.283514,0.042587,0.376926,0.073559
BRD-K23027438,0,1,0.536971,0.091824,0.491228,0.082637
BRD-K23058957,0,1,0.600511,0.122552,0.559397,0.042607
BRD-K23091084,0,1,0.574954,0.198316,0.424171,0.033945
BRD-K23154136,0,1,0.318015,0.098628,0.354168,0.062694
BRD-K23191900,1,1,0.289141,0.083204,0.313886,0.073188
BRD-K23192422,0,1,0.6383,0.155913,0.597304,0.145763
BRD-K23313025,0,1,0.39244,0.079751,0.346983,0.030708
BRD-K23378122,0,1,0.41361,0.187302,0.354936,0.117243
BRD-K23410901,0,1,0.182338,0.07192,0.281709,0.073321
BRD-K23414424,0,1,0.314756,0.065029,0.299981,-0.028267
BRD-K23478508,0,1,0.720829,0.359549,0.716867,0.378654
BRD-K23506413,0,1,0.137871,0.041701,0.113783,0.078263
BRD-K23674935,0,1,0.400731,0.086125,0.368766,0.019679
BRD-K23728767,0,1,0.242114,0.058207,0.296497,0.007189
BRD-K23775758,0,1,0.437542,0.030125,0.452312,-0.014503
BRD-K23841751,0,1,0.471114,0.085723,0.375646,0.047398
BRD-K23958338,0,1,0.326281,0.087549,0.392868,0.055003
BRD-K23980805,0,1,0.487206,0.121011,0.504109,0.078447
BRD-K23992348,0,1,0.359647,0.110451,0.581961,-0.003759
BRD-K24009388,0,1,0.34135,0.058521,0.416656,0.042866
BRD-K24049756,0,1,0.177497,0.064812,0.215301,0.02567
BRD-K24051260,0,1,0.5492,0.143207,0.511689,0.14524
BRD-K24175855,0,1,0.301195,0.094228,0.350523,0.079942
BRD-K24217168,0,1,0.556947,0.105309,0.45455,-0.043674
BRD-K24269428,0,1,0.16558,0.123251,0.336704,0.078932
BRD-K24281017,0,1,0.517369,0.105909,0.497147,0.072387
BRD-K24306712,0,1,0.306779,0.057311,0.409442,0.021093
BRD-K24348220,0,1,-0.160436,0.070259,0.062536,0.068645
BRD-K24465470,0,1,0.370069,0.102975,0.345738,0.030983
BRD-K24468827,0,1,0.320481,0.102227,0.313477,0.062447
BRD-K24469285,0,1,0.294067,0.117823,0.292633,0.068751
BRD-K24565544,0,1,0.33186,0.034431,0.326528,-0.003455
BRD-K24626857,0,1,0.426948,0.129339,0.377986,0.05922
BRD-K24663282,0,1,0.103304,-0.025454,0.142716,-0.061776
BRD-K24680618,0,1,0.448811,0.206208,0.515991,0.125816
BRD-K24734706,1,1,0.411002,0.182472,0.384195,0.085727
BRD-K24769439,0,1,0.331101,0.038366,0.442137,-0.013621
BRD-K24859147,0,1,0.39716,0.074963,0.415319,0.046477
BRD-K24885102,0,1,0.190829,0.060974,0.285533,0.034671
BRD-K25068941,0,1,0.247278,0.25899,0.268536,0.135173
BRD-K25098415,0,1,0.421714,0.117952,0.517565,0.089977
BRD-K25198488,0,1,0.35283,0.080505,0.321723,0.054857
BRD-K25199340,0,1,0.254127,0.085417,0.244144,0.00877
BRD-K25234731,0,1,0.387486,0.023352,0.502976,-0.037166
BRD-K25255972,0,1,0.413263,0.069026,0.367006,0.017825
BRD-K25423005,0,1,0.250177,0.063721,0.287707,0.032964
BRD-K25433859,0,1,0.388093,0.08633,0.49777,0.078387
BRD-K25460880,0,1,0.284264,0.119976,0.285205,0.059709
BRD-K25522720,0,1,0.334393,0.102254,0.353433,0.091334
BRD-K25539387,0,1,0.452121,0.152702,0.327782,0.088958
BRD-K25560306,0,1,0.223308,0.071342,0.252954,0.02509
BRD-K25583560,0,1,-0.180936,-0.098382,-0.101705,-0.187021
BRD-K25604127,0,1,0.138766,0.028533,0.30803,-0.006532
BRD-K25631986,0,1,0.228133,0.066674,0.290301,0.03332
BRD-K25741894,0,1,0.395131,0.070518,0.396855,0.04122
BRD-K25784575,1,0,0.472377,0.113666,0.40641,0.082018
BRD-K25902954,0,1,0.268411,0.049169,0.295191,0.004702
BRD-K25940840,0,1,-0.089913,-0.021333,0.160256,-0.029764
BRD-K26003427,0,1,0.186725,0.08033,0.270344,0.005567
BRD-K26051610,0,1,0.29255,0.102474,0.325663,0.065881
BRD-K26069906,1,1,0.265059,0.03742,0.30905,-0.00471
BRD-K26104851,1,1,0.600722,0.309683,0.644358,0.340139
BRD-K26148755,1,1,0.348749,0.095844,0.356665,0.054595
BRD-K26188625,0,1,0.392185,0.126954,0.250236,-0.039473
BRD-K26214776,0,1,0.280411,0.032478,0.462841,0.067625
BRD-K26233379,0,1,0.447669,0.107349,0.382852,0.076366
BRD-K26362026,0,1,0.263852,0.028773,0.349399,-0.001465
BRD-K26373640,0,1,0.431178,0.103454,0.345606,0.070662
BRD-K26399147,0,1,0.450983,0.05043,0.476639,0.047006
BRD-K26583430,0,1,0.24214,0.046631,0.270416,0.009805
BRD-K26606423,0,1,0.32523,0.087693,0.395127,0.080533
BRD-K26626929,0,1,0.390439,0.114351,0.389964,0.095093
BRD-K26657438,0,1,0.291362,0.061843,0.27883,0.043648
BRD-K26663582,0,1,0.23257,-0.06776,0.199857,-0.157724
BRD-K26666618,0,1,0.383933,0.111582,0.403126,0.083769
BRD-K26682747,0,1,0.266214,0.06371,0.194352,0.005646
BRD-K26684619,0,1,0.462518,0.125047,0.471815,0.09524
BRD-K26756156,0,1,0.695372,0.256092,0.639823,0.337138
BRD-K26767475,0,1,0.564709,0.256862,0.57121,0.255995
BRD-K26822808,0,1,0.207621,0.066534,0.298784,0.059315
BRD-K26835110,0,1,0.146653,0.032991,0.245884,-0.004074
BRD-K26862321,0,1,0.235967,0.043986,0.266715,-0.017135
BRD-K27006579,0,1,0.391289,0.096366,0.336211,0.024086
BRD-K27224038,0,1,0.264586,0.097364,0.403447,0.063961
BRD-K27343142,0,1,0.369146,0.133148,0.371416,0.098485
BRD-K27452198,0,1,0.157074,0.091705,0.209376,0.030955
BRD-K27467349,1,1,0.171714,0.042121,0.267093,0.019459
BRD-K27543325,0,1,0.26356,0.106297,0.377507,0.051922
BRD-K27622376,0,1,0.219891,0.104703,0.290174,0.026952
BRD-K27630390,0,1,0.493312,0.098551,0.441196,0.097794
BRD-K27647724,0,1,0.505132,0.213625,0.581135,0.241773
BRD-K27720649,0,1,0.229783,0.093315,0.280735,0.079741
BRD-K27882424,0,1,0.294203,0.029819,0.285667,0.000708
BRD-K27998900,0,1,0.462053,0.12539,0.394747,0.022543
BRD-K28120222,0,1,0.501601,0.246906,0.501508,0.298245
BRD-K28184645,0,1,0.257611,0.086653,0.361688,0.117081
BRD-K28208028,0,1,0.304061,0.124241,0.312986,0.020288
BRD-K28250273,0,1,0.080005,0.048744,0.158451,0.027362
BRD-K28256231,1,1,0.177018,-0.029026,0.28829,-0.101989
BRD-K28336972,0,1,0.355044,0.08136,0.298023,-0.00939
BRD-K28344523,0,1,0.223445,0.048465,0.282234,0.014624
BRD-K28428262,0,1,0.411834,0.08073,0.433698,0.034402
BRD-K28453807,0,1,0.373493,0.071635,0.347077,0.019323
BRD-K28460793,0,1,0.306569,0.063969,0.33219,0.024161
BRD-K28470988,0,1,0.291996,0.042555,0.305397,0.035879
BRD-K28595280,0,1,0.383084,0.12596,0.397744,0.124663
BRD-K28746839,0,1,0.443325,0.061476,0.477546,0.055701
BRD-K28777623,0,1,0.256533,0.026265,0.376988,-0.02488
BRD-K28831272,0,1,0.151629,0.006169,0.262775,0.017596
BRD-K28833951,0,1,0.089103,0.050891,0.182682,0.052128
BRD-K28851694,0,1,0.311612,0.132362,0.304485,0.086223
BRD-K28918096,1,1,0.116775,-0.000899,0.254048,-0.038986
BRD-K29029059,0,1,0.29024,0.084848,0.277426,0.027591
BRD-K29054201,0,1,0.26079,0.000385,0.430992,0.062865
BRD-K29256470,0,1,0.257327,0.075015,0.322033,0.029358
BRD-K29290722,0,1,0.607359,0.187113,0.383931,0.090457
BRD-K29345712,0,1,0.380182,0.0705,0.352287,0.043179
BRD-K29381365,0,1,0.396973,0.129948,0.506341,0.100144
BRD-K29396015,0,1,0.23448,0.070218,0.281238,-0.011345
BRD-K29423519,0,1,0.383041,0.110356,0.407797,0.050461
BRD-K29474997,0,1,0.201987,0.047961,0.205656,0.010219
BRD-K29654204,0,1,0.393538,0.062585,0.383214,0.062661
BRD-K29662826,0,1,0.348418,0.089285,0.338179,0.016556
BRD-K29702325,0,1,0.58807,0.180688,0.531439,0.104623
BRD-K29737933,0,1,0.139878,0.037387,0.226605,0.04324
BRD-K29767311,0,1,0.35978,0.123458,0.310281,0.052278
BRD-K29768655,1,1,0.449423,0.124344,0.490249,0.129638
BRD-K29794647,0,1,0.564161,0.213349,0.483023,0.158908
BRD-K29809218,0,1,0.26879,0.105801,0.301513,0.128786
BRD-K29834132,0,1,0.246985,0.082436,0.326863,0.013905
BRD-K30106607,0,1,0.30022,0.119337,0.30916,0.036686
BRD-K30174465,0,1,0.153482,0.025289,0.235072,-0.018577
BRD-K30197592,0,1,0.387665,0.079627,0.387993,0.057018
BRD-K30231186,0,1,0.837349,0.477037,0.817482,0.492081
BRD-K30373477,0,1,0.382907,0.137499,0.424982,0.160631
BRD-K30377659,0,1,0.182356,-0.065698,0.21558,-0.07031
BRD-K30403168,1,1,0.092009,0.065108,0.221445,0.024411
BRD-K30443205,0,1,0.502959,0.170696,0.459522,0.123055
BRD-K30463976,0,1,0.416461,0.088674,0.410521,0.059299
BRD-K30511626,0,1,0.402331,0.053127,0.406101,0.05579
BRD-K30606628,0,1,0.418149,0.123412,0.393109,0.105101
BRD-K30640165,0,1,0.26194,0.025536,0.28348,-0.010936
BRD-K30685142,0,1,0.244594,0.02222,0.336587,-0.039675
BRD-K30785989,0,1,0.349659,0.273364,0.329428,0.249591
BRD-K30797133,0,1,0.193936,0.136678,0.285495,0.142673
BRD-K30836174,0,1,0.271115,0.103929,0.254906,0.089764
BRD-K30837577,0,1,0.224336,0.06235,0.275728,0.039181
BRD-K30854557,1,1,0.138936,0.074397,0.254847,0.008084
BRD-K30935394,0,1,0.355673,0.159988,0.323628,0.129549
BRD-K31036503,0,1,0.038638,0.019816,0.151523,-0.00623
BRD-K31088139,0,1,0.358033,0.183036,0.413947,0.199482
BRD-K31230167,0,1,0.237702,0.096318,0.218105,-0.012054
BRD-K31329249,0,1,0.152642,0.015818,0.254394,-0.015909
BRD-K31333309,0,1,0.495631,0.043708,0.385925,0.000603
BRD-K31367750,0,1,0.374598,0.255077,0.407133,0.302895
BRD-K31418530,0,1,0.177436,0.076652,0.225001,0.00335
BRD-K31460632,0,1,0.337326,0.047708,0.378025,0.028656
BRD-K31487236,0,1,0.466091,0.094502,0.441866,0.012022
BRD-K31538032,0,1,0.262203,0.019359,0.234649,-0.077479
BRD-K31635696,0,1,0.389545,0.057816,0.385295,0.045
BRD-K31780183,0,1,0.436709,0.122587,0.371204,0.05787
BRD-K31788299,0,1,0.420194,0.100099,0.262618,0.01728
BRD-K31800869,0,1,0.42636,0.055704,0.349437,0.037538
BRD-K31906558,0,1,0.295333,0.068865,0.31567,0.005687
BRD-K31999759,0,1,0.292094,0.090029,0.515201,0.111762
BRD-K32010074,0,1,0.285362,0.053798,0.422852,0.049762
BRD-K32035967,1,1,0.628217,0.040889,0.340906,-0.040342
BRD-K32088574,0,1,0.185183,0.022478,0.273703,-0.007433
BRD-K32162676,0,1,0.400205,0.082853,0.375441,0.073762
BRD-K32197572,0,1,0.375837,0.064184,0.35951,0.015591
BRD-K32290015,0,1,0.602036,0.097534,0.578159,0.078337
BRD-K32294814,0,1,0.102995,0.056645,0.234299,0.041768
BRD-K32311154,1,0,0.577848,0.116675,0.488924,0.091883
BRD-K32405725,0,1,0.238952,0.037551,0.27241,0.032965
BRD-K32412559,0,1,0.471742,0.086737,0.413455,0.081182
BRD-K32453902,0,1,0.168219,0.287163,0.289315,0.263616
BRD-K32559936,0,1,0.533785,0.439408,0.626519,0.421549
BRD-K32593492,0,1,0.151156,0.108972,0.346107,0.128709
BRD-K32681593,0,1,0.228798,0.108312,0.237378,0.040115
BRD-K32710582,0,1,0.415646,0.089383,0.346196,0.018291
BRD-K32799329,0,1,0.546553,0.128198,0.580593,0.011215
BRD-K32814891,0,1,0.253798,0.097588,0.313106,0.035342
BRD-K32821942,0,1,0.367142,0.107579,0.469112,0.064728
BRD-K32885145,0,1,0.263842,0.051885,0.338589,0.036842
BRD-K32916048,0,1,0.062412,-0.061429,0.118891,-0.097032
BRD-K32949592,0,1,0.473604,0.078439,0.401182,0.057797
BRD-K33017576,0,1,0.247009,0.076519,0.32458,0.059422
BRD-K33044853,0,1,0.339569,0.172754,0.373569,0.138496
BRD-K33065959,0,1,0.304626,0.035801,0.489199,0.081428
BRD-K33116513,0,1,0.290502,0.112335,0.305152,0.059872
BRD-K33211335,0,1,0.2959,0.048163,0.377713,0.038626
BRD-K33226500,0,1,0.189208,0.045326,0.365326,0.018664
BRD-K33326988,0,1,0.30659,0.096663,0.376583,0.060642
BRD-K33380066,0,1,0.433634,0.09311,0.406671,0.094921
BRD-K33425534,0,1,0.388754,0.193715,0.50588,0.143044
BRD-K33454337,0,1,0.398857,0.152656,0.44326,0.133193
BRD-K33483813,1,0,0.273969,0.080101,0.320481,0.077852
BRD-K33528640,0,1,0.287665,0.138994,0.435912,0.180193
BRD-K33619512,0,1,0.189193,0.072565,0.245457,0.068483
BRD-K33668351,0,1,0.216013,0.047039,0.283175,0.00506
BRD-K33689388,0,1,0.062791,0.039167,0.193485,-0.004849
BRD-K33711030,0,1,0.420222,0.311806,0.485391,0.217005
BRD-K33768761,0,1,0.62514,-2.2e-05,0.615751,0.121265
BRD-K33780441,0,1,0.265593,0.045148,0.394031,0.039783
BRD-K33868913,0,1,0.40102,0.106573,0.418721,0.061091
BRD-K33903208,0,1,0.555384,0.231882,0.366421,0.146583
BRD-K33932270,0,1,0.324497,0.16825,0.310214,0.094658
BRD-K33979365,0,1,0.203183,0.029719,0.278737,-0.013919
BRD-K34030207,0,1,0.357955,0.098991,0.38888,0.067267
BRD-K34092021,0,1,0.424204,0.107829,0.418611,0.098669
BRD-K34096870,0,1,0.249453,0.09063,0.315851,0.047531
BRD-K34130171,0,1,0.38176,0.07748,0.321742,0.028545
BRD-K34182570,0,1,0.45821,0.063658,0.371296,0.060033
BRD-K34255700,0,1,0.272219,0.046271,0.360398,0.056325
BRD-K34394296,0,1,0.508186,0.410619,0.517735,0.395702
BRD-K34407242,0,1,0.148567,0.101667,0.234787,-0.003815
BRD-K34441861,0,1,0.383404,0.052403,0.355578,0.037108
BRD-K34556006,0,1,0.115881,-0.043884,0.242692,-0.09311
BRD-K34755514,0,1,0.368089,0.102609,0.384403,0.081425
BRD-K34798063,0,1,0.266537,0.058239,0.311501,0.024319
BRD-K34816161,0,1,0.397582,0.095224,0.334494,0.048132
BRD-K34820100,0,1,0.524561,0.072209,0.477202,0.038602
BRD-K34898609,0,1,0.543509,0.091156,0.599384,0.119365
BRD-K34952911,0,1,0.683205,0.322643,0.381865,0.2561
BRD-K35073835,0,1,0.192091,0.061791,0.186497,-0.032072
BRD-K35089608,0,1,0.152341,0.059849,0.24173,0.090473
BRD-K35090513,0,1,0.248476,0.041107,0.340694,0.010503
BRD-K35111787,0,1,0.241427,0.07086,0.349799,0.028577
BRD-K35133769,0,1,0.616843,0.113533,0.545199,0.080153
BRD-K35158088,0,1,0.343364,0.104186,0.308412,0.032672
BRD-K35224528,0,1,0.389503,0.157758,0.364051,0.141206
BRD-K35247118,0,1,0.523111,0.064023,0.309447,0.074344
BRD-K35290760,0,1,0.278783,0.117329,0.208568,0.022823
BRD-K35451338,0,1,0.543938,0.17992,0.479303,0.118618
BRD-K35462725,1,1,0.226287,0.100805,0.333545,0.122817
BRD-K35468722,0,1,0.584874,0.266568,0.654625,0.306127
BRD-K35553576,0,1,0.65254,0.390836,0.679954,0.48414
BRD-K35637774,1,1,0.224374,0.070481,0.232127,0.049744
BRD-K35719087,0,1,0.20757,0.111512,0.293617,0.087309
BRD-K35801592,1,1,0.127771,0.07465,0.228007,0.048329
BRD-K35858371,0,1,0.518085,0.131322,0.465174,0.112195
BRD-K35920785,0,1,0.431827,0.154709,0.423172,0.114327
BRD-K35928056,0,1,0.324476,0.08355,0.332233,0.045187
BRD-K35960502,0,1,0.381992,0.1649,0.448184,0.19938
BRD-K36065557,0,1,0.188048,0.013114,0.26695,-0.02126
BRD-K36115238,0,1,0.270373,0.076422,0.296713,0.038771
BRD-K36144252,0,1,0.135621,0.059199,0.261216,0.019021
BRD-K36198571,0,1,0.532493,0.197725,0.572396,0.251216
BRD-K36394966,0,1,0.01365,-0.021898,0.084615,-0.029672
BRD-K36415399,0,1,0.502695,0.042825,0.456683,0.017111
BRD-K36512157,0,1,0.404117,0.138584,0.450365,0.131763
BRD-K36623409,0,1,0.233657,0.031928,0.261049,-0.010262
BRD-K36651002,0,1,-0.0345,0.01275,0.221145,-0.001753
BRD-K36756879,0,1,0.447567,0.144214,0.376305,0.166232
BRD-K36864847,0,1,0.433635,0.094042,0.397562,0.070937
BRD-K36899442,0,1,0.408809,0.105908,0.435473,0.118274
BRD-K36927236,0,1,0.28941,0.042994,0.314966,0.027192
BRD-K36940835,0,1,0.433306,0.128812,0.438748,0.097116
BRD-K37081092,0,1,0.447156,-0.016535,0.290928,-0.002339
BRD-K37141476,0,1,0.395034,0.134992,0.316052,0.075942
BRD-K37145632,0,1,0.281217,0.122206,0.219868,0.044442
BRD-K37160016,0,1,0.157086,0.085114,0.29874,0.019809
BRD-K37174007,1,1,0.380316,0.065521,0.317965,0.04116
BRD-K37323001,1,0,0.43331,0.148,0.374575,0.082875
BRD-K37357652,0,1,0.260527,0.008628,0.325543,0.033156
BRD-K37456065,1,0,0.594873,0.192861,0.565213,0.221116
BRD-K37477851,0,1,0.497031,0.14519,0.457422,0.172879
BRD-K37495811,0,1,0.191269,0.011269,0.284779,-0.004602
BRD-K37694030,0,1,0.266872,0.02872,0.379536,-0.017994
BRD-K37727696,0,1,0.436325,0.11325,0.395885,0.066471
BRD-K37728465,0,1,0.658746,0.115381,0.590392,0.122155
BRD-K37752193,0,1,0.134344,0.050808,0.203316,0.006468
BRD-K37932103,0,1,0.525427,0.09247,0.445493,0.058581
BRD-K38044934,0,1,0.175165,0.065316,0.537434,0.001715
BRD-K38176517,1,1,0.321657,0.059588,0.329225,0.00308
BRD-K38244121,0,1,0.494968,0.14758,0.44933,0.0584
BRD-K38290133,0,1,0.405548,0.106308,0.342255,0.030499
BRD-K38311495,0,1,0.399952,0.16066,0.403621,0.101284
BRD-K38381720,0,1,0.201179,0.064717,0.312453,0.104316
BRD-K38449220,0,1,0.47565,0.116454,0.415536,0.084108
BRD-K38587340,0,1,0.476141,0.126798,0.414578,0.035556
BRD-K38611276,0,1,0.291865,0.042345,0.313059,0.015123
BRD-K38643780,0,1,0.31887,0.083044,0.481878,0.083776
BRD-K38681012,1,1,0.178118,0.14633,0.295739,0.138255
BRD-K38760240,1,1,0.662075,0.144699,0.568503,0.076022
BRD-K38774907,0,1,0.093344,0.052441,0.225203,0.019274
BRD-K38889985,0,1,0.145203,0.04479,0.273989,0.014193
BRD-K38933129,0,1,0.148119,0.055909,0.239979,0.072201
BRD-K38996795,0,1,-0.000527,-0.006003,0.158978,-0.009687
BRD-K39014692,1,1,0.258965,0.048762,0.318573,0.040506
BRD-K39063656,0,1,0.170333,0.101207,0.235951,0.057001
BRD-K39114105,0,1,0.525313,0.084663,0.431143,0.061915
BRD-K39232234,0,1,0.522507,0.117909,0.474914,0.091233
BRD-K39241486,0,1,0.381374,0.145966,0.387592,0.066394
BRD-K39245533,0,1,0.423202,0.022325,0.447672,0.041308
BRD-K39318886,0,1,0.400065,0.092922,0.40257,0.066446
BRD-K39337865,0,1,0.208379,0.07171,0.355417,0.033106
BRD-K39339537,0,1,0.304595,0.049405,0.351945,-0.031256
BRD-K39367499,0,1,0.215889,0.094531,0.254931,0.027567
BRD-K39507473,0,1,0.306342,0.041128,0.281376,0.015364
BRD-K39507792,1,0,0.467473,0.102139,0.46042,0.044113
BRD-K39683987,1,0,0.322009,0.061797,0.372692,-0.025539
BRD-K39738296,0,1,-0.028152,-0.017156,0.108647,-0.085419
BRD-K39812368,0,1,0.307526,0.184491,0.369688,0.151826
BRD-K39878860,0,1,0.27308,0.088977,0.261578,0.026141
BRD-K39894071,0,1,-0.050628,-0.016305,0.173894,-0.047664
BRD-K39902590,0,1,0.290031,0.051714,0.347249,0.014279
BRD-K39987650,0,1,0.43688,0.088959,0.435373,0.102623
BRD-K40060703,0,1,0.348169,0.061873,0.232849,-0.123399
BRD-K40078199,0,1,0.257573,0.018916,0.322569,0.045899
BRD-K40123785,0,1,0.208869,0.190718,0.274679,0.157152
BRD-K40155511,0,1,0.294614,0.056418,0.296851,0.04408
BRD-K40173185,0,1,0.328001,0.116078,0.346978,-0.031453
BRD-K40212960,0,1,0.255123,0.065707,0.308251,0.01709
BRD-K40224283,0,1,0.373538,0.138419,0.343754,0.06921
BRD-K40255344,0,1,0.544654,0.278332,0.586414,0.349227
BRD-K40294449,0,1,0.140692,-0.0653,0.218837,-0.099306
BRD-K40332746,0,1,0.16868,0.039202,0.307329,0.020441
BRD-K40383467,0,1,0.280902,0.153612,0.279621,0.114172
BRD-K40458025,0,1,-0.237767,0.030924,0.022334,-0.017202
BRD-K40471863,0,1,0.294298,0.037936,0.322868,0.013373
BRD-K40513181,0,1,0.200348,0.026223,0.362216,0.032371
BRD-K40645748,0,1,0.598411,0.208689,0.555573,0.227483
BRD-K40813780,0,1,0.410696,0.101149,0.411501,0.081806
BRD-K40892926,0,1,0.405926,0.260473,0.424302,0.18553
BRD-K40910787,0,1,0.234871,0.05736,0.33161,0.048297
BRD-K40927841,0,1,0.376285,0.010929,0.427173,0.026079
BRD-K40941329,1,1,0.284186,0.071865,0.413385,0.085893
BRD-K40973428,0,1,0.278168,0.109035,0.24074,0.026231
BRD-K40997335,1,1,0.406478,0.080321,0.39528,0.027177
BRD-K41129365,0,1,0.303689,0.052344,0.323734,0.016857
BRD-K41389876,0,1,0.391499,0.096742,0.403857,0.131338
BRD-K41421455,0,1,0.222493,0.085235,0.254899,0.052843
BRD-K41423946,0,1,0.347078,0.114109,0.43973,0.11013
BRD-K41431477,0,1,0.727615,0.37953,0.687537,0.424856
BRD-K41520544,0,1,0.183488,0.014391,0.319438,-0.001884
BRD-K41670583,0,1,0.486151,0.137791,0.394395,0.08362
BRD-K41844882,0,1,0.197063,0.08696,0.175785,-0.029414
BRD-K41866979,0,1,0.526682,0.241525,0.517212,0.134763
BRD-K41924482,0,1,0.574688,0.151452,0.519305,0.145927
BRD-K42056004,0,1,0.295894,0.051913,0.336808,0.0604
BRD-K42057752,0,1,0.170766,0.054565,0.251008,0.007792
BRD-K42098891,0,1,0.361953,0.114566,0.428156,0.095361
BRD-K42134801,0,1,0.276616,0.114396,0.379512,0.084178
BRD-K42142217,0,1,0.319558,0.080157,0.33613,0.027039
BRD-K42170810,0,1,0.233765,0.094689,0.249358,0.060851
BRD-K42173890,0,1,0.188619,0.030918,0.275116,0.028813
BRD-K42269438,0,1,0.252892,0.064767,0.307799,-0.012414
BRD-K42303783,0,1,0.197971,0.058111,0.300503,0.034048
BRD-K42420111,0,1,0.312938,0.163725,0.310898,0.054391
BRD-K42427050,1,1,0.241503,0.096242,0.316757,0.092723
BRD-K42450605,0,1,0.112244,0.081229,0.23536,0.093687
BRD-K42471691,1,0,0.363881,0.093839,0.316275,0.039706
BRD-K42489623,0,1,0.475035,0.311198,0.569721,0.383458
BRD-K42509645,0,1,0.57799,0.024891,0.492774,0.003832
BRD-K42516959,0,1,0.380637,0.106912,0.392131,0.075938
BRD-K42541148,0,1,0.405706,0.055105,0.338363,0.071712
BRD-K42595694,0,1,0.183198,0.02616,0.247466,-0.031416
BRD-K42618289,0,1,0.197465,0.050557,0.247092,0.018143
BRD-K42624714,0,1,0.415859,0.131191,0.449546,0.151604
BRD-K42678365,0,1,0.423636,0.271009,0.474765,0.288859
BRD-K42693031,0,1,0.312079,0.085116,0.332413,0.055666
BRD-K42899395,0,1,0.573572,0.104832,0.399005,0.039445
BRD-K42916718,0,1,0.464835,0.105494,0.370412,0.051898
BRD-K42953652,0,1,0.361756,0.107685,0.387406,0.089642
BRD-K42978307,1,0,0.809808,0.057064,0.699614,0.0433
BRD-K42989496,0,1,0.647193,0.033368,0.602451,0.062136
BRD-K43014159,0,1,0.467736,0.157106,0.439322,0.113527
BRD-K43057855,0,1,0.413491,0.105896,0.381294,-0.004924
BRD-K43149758,0,1,0.340882,0.128584,0.323917,0.054499
BRD-K43236057,0,1,0.46089,0.130818,0.38632,0.108223
BRD-K43290182,0,1,0.422668,0.096175,0.417833,0.057051
BRD-K43349989,0,1,0.167785,0.004205,0.135211,0.007993
BRD-K43411248,1,1,0.357146,0.289823,0.476809,0.268824
BRD-K43621195,0,1,0.315096,0.02944,0.36069,0.104935
BRD-K43638827,0,1,0.335548,0.085005,0.263754,0.026516
BRD-K43682718,0,1,0.32545,0.103519,0.39504,0.088692
BRD-K43774268,1,0,0.444708,0.113413,0.360315,0.072679
BRD-K43830653,1,1,0.383647,0.064612,0.376299,0.063024
BRD-K43842808,0,1,0.357558,0.130678,0.368812,0.07522
BRD-K43874853,1,1,0.325255,0.073092,0.337527,0.04382
BRD-K43952716,0,1,0.378099,0.041435,0.392143,-0.001376
BRD-K43966462,0,1,0.207265,-0.046403,0.300257,-0.029383
BRD-K44029853,0,1,0.202718,0.135497,0.271807,0.039615
BRD-K44136596,0,1,0.423499,0.167557,0.346971,0.108202
BRD-K44161636,0,1,0.357016,0.126399,0.397739,0.0565
BRD-K44218307,1,1,0.382794,0.049682,0.419904,0.075884
BRD-K44241590,0,1,0.217472,0.05063,0.246763,0.05142
BRD-K44261129,0,1,0.134757,0.032911,0.222936,-0.010061
BRD-K44273375,0,1,0.345971,0.017782,0.37975,0.002053
BRD-K44352336,0,1,0.324097,0.063212,0.290756,0.010239
BRD-K44446302,0,1,0.250651,0.117497,0.241151,0.075217
BRD-K44465671,0,1,0.153945,0.052714,0.323784,0.033668
BRD-K44482328,0,1,0.349816,0.07455,0.294867,0.009227
BRD-K44494044,0,1,0.512599,0.066549,0.434867,0.037201
BRD-K44497846,0,1,0.391596,0.103412,0.327066,0.012504
BRD-K44525591,0,1,0.439336,0.130275,0.386194,0.079161
BRD-K44540157,0,1,0.482259,0.100156,0.42677,0.076207
BRD-K44562621,0,1,0.272362,0.092014,0.285569,-0.001145
BRD-K44638353,0,1,0.236755,0.03935,0.27339,-0.073448
BRD-K44696931,0,1,0.178046,0.039592,0.219065,0.01739
BRD-K44712456,0,1,0.35973,0.115467,0.355863,0.064609
BRD-K44732214,0,1,0.607698,0.341431,0.684043,0.396733
BRD-K44781077,0,1,0.295237,0.071165,0.305488,0.029336
BRD-K44812652,0,1,0.425099,0.065954,0.410712,0.034801
BRD-K44828732,0,1,0.386937,0.075841,0.386703,0.055394
BRD-K44925448,0,1,0.061628,0.018111,0.184617,-0.006209
BRD-K44968548,0,1,0.456634,0.235286,0.496551,0.234863
BRD-K44978017,0,1,0.24362,0.095077,0.291126,0.072859
BRD-K45038844,0,1,0.280054,0.059017,0.281166,0.013115
BRD-K45077070,0,1,0.310218,0.066355,0.339075,0.024274
BRD-K45149020,0,1,0.538987,0.129921,0.445519,0.142644
BRD-K45235808,0,1,0.383473,0.09609,0.385165,0.05786
BRD-K45295352,0,1,0.171751,0.016848,0.284304,0.015582
BRD-K45392462,0,1,0.419106,0.110713,0.403316,0.094241
BRD-K45429601,0,1,0.329518,0.024786,0.360332,-0.018825
BRD-K45505681,0,1,0.499252,0.140097,0.394513,0.088828
BRD-K45528773,0,1,0.889251,0.418358,0.87207,0.488766
BRD-K45532244,0,1,0.324324,0.02145,0.34708,0.03234
BRD-K45534781,0,1,0.474736,0.262066,0.548571,0.197119
BRD-K45543414,0,1,0.406536,0.046084,0.375094,0.012173
BRD-K45615006,0,1,0.270706,0.063877,0.2976,0.008337
BRD-K45785972,0,1,0.261243,0.04825,0.389055,0.056533
BRD-K45845523,0,1,0.238282,0.104915,0.308387,0.081131
BRD-K45892018,0,1,0.199964,0.049316,0.192241,0.023005
BRD-K46062088,1,0,0.511766,0.193406,0.530141,0.210132
BRD-K46118045,0,1,0.153738,0.204842,0.228542,0.201378
BRD-K46142322,0,1,0.409423,0.066948,0.376691,0.017236
BRD-K46156294,0,1,0.560556,0.359972,0.542592,0.292746
BRD-K46178029,0,1,0.10529,0.071938,0.20737,0.048863
BRD-K46205969,0,1,0.521569,0.076861,0.573962,0.115974
BRD-K46295497,0,1,0.281309,0.041016,0.35253,0.029167
BRD-K46384212,1,0,0.413071,0.082916,0.389641,0.065867
BRD-K46407773,0,1,0.435371,0.203833,0.463574,0.298458
BRD-K46469693,1,0,0.43168,0.053317,0.439192,0.060627
BRD-K46476822,0,1,0.323177,0.089742,0.329443,0.053882
BRD-K46503544,0,1,0.639185,0.255072,0.603307,0.291492
BRD-K46523383,0,1,0.429332,0.201512,0.42992,0.121184
BRD-K46531780,0,1,0.777155,0.484748,0.78366,0.584322
BRD-K46585355,1,0,0.46134,0.055575,0.472363,0.081048
BRD-K46599299,0,1,0.000796,0.058685,0.328634,0.113509
BRD-K46663433,0,1,0.450964,0.254923,0.327766,0.212041
BRD-K46666779,0,1,0.571801,0.112223,0.372658,0.092674
BRD-K46769156,0,1,0.122268,0.004529,0.341055,-0.008221
BRD-K46805185,1,0,0.508921,0.200454,0.468787,0.154041
BRD-K46811723,0,1,0.312407,0.128729,0.273255,0.042868
BRD-K46959535,0,1,0.360421,0.026918,0.385593,0.011148
BRD-K47006988,0,1,0.319209,0.267592,0.222756,0.244677
BRD-K47128441,0,1,0.607205,0.329978,0.373571,0.257288
BRD-K47156219,0,1,-0.022468,0.035418,0.103478,0.019965
BRD-K47303556,0,1,0.534142,0.102007,0.48267,0.104553
BRD-K47436535,0,1,0.216842,0.116209,0.360524,0.12965
BRD-K47463456,0,1,0.339366,0.080486,0.349791,0.048139
BRD-K47490989,0,1,0.372203,0.129679,0.37023,0.056823
BRD-K47543154,0,1,0.363534,0.073567,0.386637,0.063639
BRD-K47611269,0,1,0.158914,0.018831,0.29362,0.028774
BRD-K47631482,0,1,0.550636,0.128424,0.539656,0.103067
BRD-K47679368,0,1,0.461992,0.14982,0.40352,0.084906
BRD-K47686040,0,1,0.192738,0.065536,0.242566,0.014727
BRD-K47724214,0,1,0.518932,0.066167,0.517516,-0.008164
BRD-K47731572,0,1,0.441015,0.094296,0.402953,0.04302
BRD-K47761761,0,1,0.412921,0.11493,0.351278,0.070894
BRD-K47810177,0,1,0.550201,0.13786,0.475443,0.06418
BRD-K47878171,0,1,0.27423,0.053962,0.206154,0.004301
BRD-K47992037,0,1,0.175468,0.038416,0.329133,0.077434
BRD-K48005755,0,1,0.406141,0.074997,0.366963,0.037957
BRD-K48016779,0,1,0.413276,0.08447,0.366269,0.05223
BRD-K48023456,0,1,0.384872,0.159887,0.324378,0.082733
BRD-K48066866,0,1,0.27156,-0.015651,0.304659,-0.042416
BRD-K48097043,0,1,0.345887,0.108005,0.371806,0.036625
BRD-K48099440,0,1,0.204696,0.038909,0.220879,-0.032176
BRD-K48183516,0,1,0.335228,0.085615,0.244259,-0.008934
BRD-K48257023,0,1,0.670006,0.301537,0.692321,0.306795
BRD-K48307191,0,1,-0.034102,0.013956,0.127664,-0.025803
BRD-K48332509,0,1,0.45052,0.359887,0.548342,0.420218
BRD-K48336086,0,1,0.055119,0.038575,0.108557,0.008817
BRD-K48431707,0,1,0.025481,-0.023412,0.198686,-0.034753
BRD-K48475203,0,1,0.439364,0.16707,0.498957,0.161219
BRD-K48654093,0,1,0.301275,0.083148,0.332382,0.071492
BRD-K48654774,0,1,0.545899,0.203598,0.504275,0.18003
BRD-K48672996,0,1,0.361969,0.128941,0.351556,0.091159
BRD-K48722258,0,1,0.285445,0.122508,0.38574,0.098455
BRD-K48723823,0,1,0.49496,0.033064,0.497829,0.045187
BRD-K48823327,0,1,0.396378,0.09868,0.33737,0.073952
BRD-K48853765,0,1,0.37583,0.065044,0.285501,0.011888
BRD-K49164596,0,1,0.192584,0.025892,0.307002,0.030284
BRD-K49294047,0,1,0.405032,0.124712,0.360898,0.077717
BRD-K49333142,1,1,0.380416,0.146096,0.458413,0.173344
BRD-K49378999,1,1,0.215516,0.07082,0.261443,0.027658
BRD-K49483184,0,1,0.276228,0.057961,0.270956,0.032199
BRD-K49510739,0,1,0.289642,0.112381,0.32467,0.051631
BRD-K49669601,0,1,0.358076,0.075877,0.356635,0.052944
BRD-K49791723,0,1,0.520372,0.097986,0.430796,0.099223
BRD-K49861754,0,1,0.448979,0.078084,0.411297,0.039703
BRD-K49866472,0,1,0.324091,0.080067,0.284287,0.048043
BRD-K49956785,0,1,0.700251,0.035151,0.591353,0.009918
BRD-K50018155,0,1,0.451366,0.077138,0.396323,0.060083
BRD-K50266413,0,1,0.23367,0.047956,0.33506,0.018588
BRD-K50360938,0,1,0.470871,0.084078,0.421394,0.052372
BRD-K50366616,0,1,0.298596,0.106405,0.377941,0.091705
BRD-K50413145,0,1,0.034092,0.024137,0.102735,0.028322
BRD-K50558304,0,1,0.051273,0.011825,0.18554,-0.008524
BRD-K50590187,0,1,0.196081,0.034927,0.252381,0.022916
BRD-K50611992,0,1,0.158576,0.048144,0.145514,0.010121
BRD-K50691590,0,1,0.702705,0.48295,0.728824,0.543332
BRD-K50716931,0,1,0.376355,0.144841,0.378476,0.098459
BRD-K50791983,0,1,0.227552,0.012938,0.215114,-0.018049
BRD-K50883617,0,1,0.142372,0.076758,0.191976,0.029968
BRD-K51106788,0,1,0.286638,0.017029,0.128959,-0.074457
BRD-K51134784,0,1,0.312804,0.066691,0.308161,0.060669
BRD-K51155404,0,1,0.444555,0.163656,0.422896,0.114381
BRD-K51179640,0,1,0.242579,0.105543,0.339017,-0.000417
BRD-K51207550,0,1,0.459403,0.16705,0.381931,0.084067
BRD-K51218228,0,1,0.335033,0.059053,0.368221,0.043581
BRD-K51220638,0,1,0.328763,0.155825,0.313031,0.06471
BRD-K51368944,0,1,0.456669,0.116091,0.41172,0.060379
BRD-K51388814,0,1,0.340833,0.068292,0.394271,0.016137
BRD-K51390937,0,1,0.200155,0.022568,0.268866,-0.006175
BRD-K51400578,0,1,0.146656,0.03778,0.39325,0.031302
BRD-K51431550,0,1,0.341369,0.104575,0.33267,0.021983
BRD-K51475868,0,1,0.243784,0.069613,0.322902,0.030542
BRD-K51498721,0,1,0.464633,0.127031,0.332382,0.060764
BRD-K51557114,0,1,0.315454,0.094776,0.317312,0.033375
BRD-K51579714,0,1,0.337775,0.077842,0.330597,0.062037
BRD-K51626376,0,1,0.26264,0.067624,0.27975,0.048704
BRD-K51677086,0,1,0.414391,0.054885,0.440357,0.004819
BRD-K51776699,1,1,0.479204,0.096873,0.491166,0.094665
BRD-K51816706,1,0,0.481155,0.084165,0.47613,0.095458
BRD-K51849024,0,1,0.445485,0.079737,0.444561,-0.021907
BRD-K51919154,0,1,0.31895,0.108581,0.318318,0.073189
BRD-K51967704,0,1,0.622597,0.220368,0.602326,0.220415
BRD-K52215487,0,1,0.433068,0.071749,0.356756,0.029157
BRD-K52405437,1,0,0.579538,0.162309,0.552069,0.192322
BRD-K52421542,0,1,0.190143,0.099065,0.311546,0.048591
BRD-K52515416,0,1,0.365344,0.132098,0.345621,0.064495
BRD-K52574175,0,1,0.040655,0.003199,0.227617,0.012979
BRD-K52654243,0,1,0.140216,-0.049824,0.205195,-0.006596
BRD-K52689785,0,1,0.41672,0.070977,0.449187,0.034274
BRD-K52721673,0,1,0.33302,0.068769,0.348452,0.050696
BRD-K52898544,0,1,0.24272,0.158935,0.215006,0.069065
BRD-K52908798,0,1,0.571971,0.126355,0.349514,0.042278
BRD-K52913754,0,1,0.374138,0.11086,0.368255,0.041022
BRD-K53046450,0,1,0.255627,0.021278,0.388992,0.044262
BRD-K53181055,0,1,0.214597,0.040087,0.290168,0.016614
BRD-K53183074,0,1,0.296943,0.057423,0.334977,0.068854
BRD-K53350977,0,1,0.089826,-0.023182,0.199712,-0.0603
BRD-K53359544,0,1,0.158635,0.071729,0.20161,0.033495
BRD-K53373965,0,1,0.335198,0.049601,0.371576,0.00693
BRD-K53407305,0,1,0.396897,0.076169,0.472871,0.061398
BRD-K53437983,0,1,0.186358,0.016675,0.27693,-0.007179
BRD-K53528245,0,1,0.395952,0.353342,0.39475,0.248781
BRD-K53539078,0,1,0.271055,0.113401,0.314041,0.012674
BRD-K53577657,1,1,0.131298,0.070718,0.294648,0.055077
BRD-K53601225,1,1,0.171083,0.078221,0.332746,0.0429
BRD-K53700261,0,1,0.441476,0.051802,0.425999,0.03205
BRD-K53740625,1,1,0.23713,0.013795,0.290547,0.021467
BRD-K53783288,0,1,0.342227,0.084191,0.41208,0.079377
BRD-K53798768,0,1,0.495546,0.02181,0.562338,0.049095
BRD-K53903639,0,1,0.446465,0.211882,0.428161,0.176194
BRD-K54010839,0,1,0.213114,0.065613,0.308673,0.007063
BRD-K54029516,0,1,0.295695,0.053958,0.319276,-0.028621
BRD-K54048734,0,1,0.327013,0.058058,0.34689,0.002677
BRD-K54145771,0,1,-0.135073,0.012194,0.100661,0.024455
BRD-K54254994,0,1,0.123052,0.012606,0.171785,-0.05346
BRD-K54316499,0,1,0.569728,0.08123,0.46264,0.039574
BRD-K54327934,1,1,0.235874,0.101221,0.283621,0.024569
BRD-K54445308,0,1,0.17248,0.065857,0.23474,0.056907
BRD-K54456094,0,1,0.231674,0.091419,0.296621,0.025253
BRD-K54543575,0,1,0.666621,0.012913,0.598167,0.062402
BRD-K54639145,0,1,0.243704,0.101481,0.275242,0.011896
BRD-K54771420,0,1,0.359926,0.055155,0.398261,0.069059
BRD-K54839171,0,1,0.295455,0.103182,0.323405,0.077205
BRD-K54971989,0,1,0.220111,0.04435,0.328484,-0.078773
BRD-K55034111,1,0,0.458007,0.060356,0.449332,0.036836
BRD-K55116708,0,1,0.496178,0.211278,0.593837,0.234452
BRD-K55160246,0,1,0.443577,0.102977,0.32805,0.046428
BRD-K55197905,0,1,0.095014,-0.062896,0.182367,-0.120552
BRD-K55208094,0,1,0.677102,0.22516,0.580905,0.04255
BRD-K55282910,0,1,0.016785,-0.056273,0.131837,-0.085948
BRD-K55341911,0,1,0.610179,0.134238,0.519536,0.054434
BRD-K55344148,0,1,0.342937,0.17579,0.36709,0.112349
BRD-K55462201,0,1,0.360762,0.083538,0.300276,0.022799
BRD-K55703048,0,1,0.519959,0.093862,0.43883,0.061137
BRD-K55706946,0,1,0.333486,0.097622,0.251041,0.037888
BRD-K55792644,0,1,0.278526,0.076602,0.282784,0.01991
BRD-K55819735,0,1,0.096112,0.120877,0.250921,0.087594
BRD-K55827386,1,1,0.297975,0.127348,0.425213,0.109362
BRD-K55880295,0,1,0.439384,0.386892,0.40487,0.305719
BRD-K55889443,0,1,0.381446,0.078817,0.357167,0.083928
BRD-K55896440,1,1,0.202367,0.070218,0.2312,0.041873
BRD-K55992427,0,1,0.245012,0.11949,0.320353,0.065506
BRD-K56079297,0,1,0.307579,0.069882,0.318653,0.036683
BRD-K56211108,0,1,0.253402,0.151419,0.394428,0.14184
BRD-K56215045,0,1,0.341724,0.110278,0.353505,0.05452
BRD-K56215828,0,1,0.342283,0.046196,0.395178,0.047295
BRD-K56219224,1,1,0.451644,0.099608,0.430838,0.195381
BRD-K56219428,0,1,0.585061,0.212852,0.537539,0.181785
BRD-K56240483,0,1,0.368961,0.098856,0.358957,-0.003436
BRD-K56250581,0,1,0.155342,0.134221,0.231409,0.079242
BRD-K56269643,0,1,0.477013,0.206342,0.423931,0.047189
BRD-K56304906,0,1,0.11512,0.097098,0.176789,0.052396
BRD-K56328447,0,1,0.289744,0.107297,0.327138,0.052293
BRD-K56339035,0,1,0.10761,0.001174,0.228205,0.04164
BRD-K56478238,0,1,0.234363,0.078956,0.258779,0.059115
BRD-K56558538,0,1,0.345762,0.050528,0.399278,0.018703
BRD-K56562216,0,1,0.22121,0.039524,0.268395,-0.059296
BRD-K56647759,0,1,0.351557,0.107025,0.44129,0.104664
BRD-K56654013,0,1,0.295639,0.044228,0.252224,0.010915
BRD-K56851771,0,1,0.216616,0.042976,0.239842,0.021848
BRD-K56904155,0,1,0.232172,0.055368,0.264084,0.014642
BRD-K56904840,0,1,0.13955,0.053937,0.247298,0.069073
BRD-K56953341,1,1,0.274447,0.082815,0.311719,0.027875
BRD-K57016430,0,1,0.445383,0.208409,0.466902,0.192228
BRD-K57022684,0,1,0.643411,0.213941,0.679062,0.207462
BRD-K57087594,0,1,0.236943,0.106375,0.350279,0.081812
BRD-K57140889,0,1,0.227851,0.176639,0.302404,0.097557
BRD-K57230817,0,1,0.049954,0.029764,0.193542,0.022359
BRD-K57272712,0,1,0.094968,0.024108,0.250556,0.031985
BRD-K57308809,1,1,0.39288,0.094609,0.403982,0.064136
BRD-K57309821,0,1,0.53727,0.179641,0.464402,0.119251
BRD-K57391913,0,1,0.555843,0.153606,0.428012,0.144882
BRD-K57397611,0,1,0.181546,0.028766,0.262325,0.011825
BRD-K57432881,0,1,0.380939,0.086443,0.478192,0.038198
BRD-K57565683,0,1,0.279696,0.089231,0.315951,0.019068
BRD-K57579117,0,1,0.466703,0.07877,0.389874,0.055805
BRD-K57580310,0,1,0.37487,0.065828,0.327111,0.041149
BRD-K57589644,0,1,0.228908,0.031141,0.291986,-0.024463
BRD-K57638192,1,1,0.339914,0.097439,0.372846,0.102621
BRD-K57696989,0,1,0.350916,0.111852,0.392015,0.12529
BRD-K57822472,0,1,0.324029,0.086899,0.314154,0.050851
BRD-K57900436,0,1,0.246888,0.049518,0.301638,-0.02552
BRD-K57962577,0,1,0.362845,0.116608,0.361977,0.021456
BRD-K58033375,0,1,0.250962,0.07229,0.260474,0.00649
BRD-K58194762,1,1,0.309966,0.071228,0.290575,0.004982
BRD-K58225827,0,1,0.245072,0.078378,0.330619,0.116763
BRD-K58250123,0,1,0.317297,0.10244,0.251755,0.004223
BRD-K58307544,0,1,0.284099,0.104608,0.194639,0.001153
BRD-K58340898,0,1,0.406445,0.071534,0.397527,0.027373
BRD-K58421169,1,1,0.37794,0.059604,0.481746,0.065777
BRD-K58479490,0,1,0.335469,0.178036,0.48579,0.186615
BRD-K58532728,1,0,0.298473,0.144523,0.269062,0.07859
BRD-K58536094,0,1,0.222174,0.052791,0.296234,0.023037
BRD-K58631614,0,1,0.339319,0.154746,0.372983,0.077963
BRD-K58662656,0,1,0.508497,0.038886,0.423616,0.0085
BRD-K58679476,0,1,0.360871,0.23823,0.312363,0.138855
BRD-K58696649,0,1,0.550204,0.134338,0.502352,0.062722
BRD-K58743986,0,1,0.588486,0.104872,0.499679,0.077941
BRD-K58772419,0,1,0.445579,0.126887,0.55602,0.086223
BRD-K58869323,0,1,0.325472,0.069342,0.341365,0.023464
BRD-K58930050,0,1,0.348221,0.040846,0.350304,0.02925
BRD-K59196623,0,1,0.023232,0.086826,0.165601,0.021418
BRD-K59230034,1,0,0.387776,0.095931,0.371158,0.049023
BRD-K59247792,0,1,0.300822,0.111123,0.321655,0.093842
BRD-K59446585,0,1,0.277301,0.079349,0.246434,0.043515
BRD-K59472190,0,1,0.38147,0.120837,0.308841,0.049513
BRD-K59490275,0,1,0.735506,0.221878,0.592924,0.137832
BRD-K59683426,0,1,0.338041,0.069284,0.279235,0.008281
BRD-K59728381,0,1,0.696801,0.126312,0.636585,0.099415
BRD-K59730983,0,1,0.261008,0.016361,0.268677,0.010632
BRD-K59731570,0,1,0.233822,0.118918,0.250294,0.049232
BRD-K59873006,0,1,0.748503,0.409891,0.715055,0.354256
BRD-K59887251,0,1,0.377319,0.037788,0.348825,-0.061744
BRD-K59974052,0,1,0.176866,0.111813,0.209274,0.088339
BRD-K60002680,0,1,0.550323,0.110161,0.434384,0.092592
BRD-K60056908,0,1,0.10031,0.005203,0.159719,-0.012741
BRD-K60159779,0,1,0.387836,0.059545,0.340365,0.043331
BRD-K60160658,1,0,0.467997,0.041015,0.535761,0.017452
BRD-K60297835,1,1,0.401099,0.259511,0.455507,0.234377
BRD-K60303132,0,1,0.538862,0.179391,0.390878,0.044389
BRD-K60379529,0,1,0.287587,0.027414,0.373088,0.015741
BRD-K60398284,0,1,0.789165,0.166057,0.656924,0.055616
BRD-K60471354,0,1,0.33703,0.143346,0.31071,0.113178
BRD-K60507178,0,1,0.567347,0.30902,0.628548,0.32325
BRD-K60571253,0,1,0.424994,0.199496,0.393733,0.145828
BRD-K60600704,0,1,0.36868,0.114298,0.343518,0.040215
BRD-K60703528,0,1,0.296995,0.052313,0.313949,0.049581
BRD-K60741970,0,1,0.049231,0.101893,0.532587,0.018085
BRD-K60772276,1,0,0.438744,0.110239,0.360063,0.100947
BRD-K60776198,0,1,0.224074,0.045045,0.220301,-0.069165
BRD-K60784115,0,1,0.192997,0.063871,0.213708,0.02678
BRD-K60796852,0,1,0.35944,0.076908,0.394835,0.072821
BRD-K60807183,0,1,0.528422,0.112462,0.45461,0.14535
BRD-K60826706,0,1,0.250966,0.003835,0.363415,0.030704
BRD-K60918127,0,1,0.285827,0.015725,0.319439,-0.023911
BRD-K60963631,0,1,0.110559,0.043143,0.071004,-0.038398
BRD-K61045941,0,1,0.392113,0.07858,0.368435,0.055077
BRD-K61053657,0,1,0.194185,0.050379,0.240549,0.04438
BRD-K61079130,0,1,0.391328,0.156623,0.368521,0.169587
BRD-K61083743,0,1,0.254194,0.075717,0.311924,0.084445
BRD-K61123818,0,1,0.203791,0.08931,0.239848,0.075747
BRD-K61127831,0,1,0.470536,0.119124,0.498093,0.088768
BRD-K61164584,1,1,0.206523,0.052454,0.251194,-0.064394
BRD-K61220632,0,1,0.491722,0.084898,0.425061,0.050767
BRD-K61586432,0,1,-0.056639,0.000856,0.119486,-0.041499
BRD-K61718261,0,1,0.53273,0.318656,0.585126,0.372958
BRD-K61885905,0,1,0.635323,0.257254,0.647761,0.234084
BRD-K61953981,0,1,0.228514,0.034758,0.36162,0.028247
BRD-K62058497,0,1,0.343225,0.061897,0.359885,0.03461
BRD-K62123687,0,1,0.517056,0.108296,0.518468,0.17655
BRD-K62214646,0,1,0.270639,0.080382,0.313581,0.024541
BRD-K62263376,0,1,0.234445,0.090196,0.206035,-0.010841
BRD-K62374253,0,1,0.454016,0.112533,0.414121,0.078129
BRD-K62415056,0,1,0.250353,0.090886,0.178067,-0.010218
BRD-K62450654,0,1,0.40204,0.094151,0.381046,0.049854
BRD-K62536321,0,1,0.377743,0.098208,0.340943,0.045203
BRD-K62590692,0,1,0.477588,0.102173,0.318971,0.011822
BRD-K62625902,0,1,0.312867,0.1496,0.289449,0.025263
BRD-K62683350,0,1,0.54106,0.108382,0.498767,0.074185
BRD-K62687522,0,1,0.13474,0.012016,0.190868,-0.087346
BRD-K62702428,0,1,0.294233,0.01833,0.268863,-0.021415
BRD-K62761144,0,1,0.264938,-0.016422,0.271621,-0.052241
BRD-K62767164,0,1,0.371975,0.118001,0.337017,0.051825
BRD-K62836687,1,1,0.304069,0.017688,0.370634,0.003673
BRD-K62858456,0,1,0.405323,0.107549,0.49655,0.083062
BRD-K62902879,0,1,0.36972,0.111718,0.313565,0.027991
BRD-K62932832,0,1,0.317074,0.092754,0.333544,0.027734
BRD-K62982188,0,1,0.257368,0.055041,0.245419,-0.022909
BRD-K63061929,0,1,0.28577,0.079586,0.280124,0.02919
BRD-K63077891,0,1,0.218256,0.116633,0.29351,0.074525
BRD-K63180587,0,1,0.728553,0.057811,0.578069,0.081666
BRD-K63211577,0,1,0.221002,0.057536,0.232188,0.009988
BRD-K63216438,0,1,0.283388,0.13965,0.360228,0.018012
BRD-K63325940,1,1,0.507627,0.063466,0.484115,0.066616
BRD-K63399564,0,1,0.257173,0.070424,0.278578,0.011093
BRD-K63587518,0,1,0.546762,0.073668,0.481244,0.05428
BRD-K63591202,0,1,0.703281,0.244855,0.703574,0.288191
BRD-K63684048,0,1,0.414741,0.075389,0.408058,0.056915
BRD-K63697730,0,1,0.658515,0.498702,0.497518,0.466545
BRD-K63770300,0,1,0.46842,0.235369,0.447759,0.242546
BRD-K63798874,0,1,0.099518,0.023339,0.135787,-0.016789
BRD-K63811860,0,1,0.259192,0.153246,0.302353,0.116201
BRD-K63860984,0,1,0.192453,0.04509,0.224942,0.014199
BRD-K63923597,0,1,0.336118,0.072373,0.425268,0.037834
BRD-K63987424,0,1,0.159137,0.095363,0.291185,0.068592
BRD-K64368934,0,1,0.146952,0.059877,0.339411,-0.001264
BRD-K64440942,0,1,0.390696,0.125896,0.470934,0.159279
BRD-K64630692,0,1,0.56582,0.049643,0.545385,0.04774
BRD-K64641861,1,1,0.244545,0.117169,0.317454,0.082759
BRD-K64642496,0,1,0.383366,0.123932,0.393407,0.131839
BRD-K64649802,0,1,0.559085,0.095488,0.458984,0.032256
BRD-K64751731,0,1,0.463001,0.077299,0.438438,0.055179
BRD-K64835161,0,1,0.52827,0.088589,0.496614,0.067667
BRD-K64860117,0,1,0.107908,0.107483,0.211501,0.000604
BRD-K64881093,0,1,0.417277,0.10126,0.34763,0.048287
BRD-K64922699,0,1,0.200055,0.028532,0.30182,-0.017329
BRD-K64955433,0,1,0.268404,0.131183,0.378295,0.130412
BRD-K64994968,0,1,0.220694,0.044621,0.320559,0.011985
BRD-K65093687,0,1,0.297942,0.064543,0.334443,0.02871
BRD-K65124350,0,1,0.38297,0.080987,0.415711,0.079028
BRD-K65126127,0,1,0.405854,0.108642,0.37151,0.055155
BRD-K65138538,0,1,0.405176,0.135291,0.34062,0.063766
BRD-K65146499,0,1,0.464729,0.10127,0.489927,0.100165
BRD-K65200617,0,1,0.880153,0.444434,0.840357,0.504837
BRD-K65261396,0,1,0.299371,0.052553,0.316655,0.03273
BRD-K65350890,0,1,0.501578,0.139313,0.591115,0.160248
BRD-K65354878,0,1,0.083654,0.037688,0.282412,-0.072495
BRD-K65367823,0,1,0.257104,0.094267,0.261954,-0.001156
BRD-K65385622,0,1,0.360108,0.071906,0.367799,0.071111
BRD-K65404805,0,1,0.163924,0.044628,0.300058,0.035259
BRD-K65416438,1,0,0.287446,0.088774,0.306509,0.069328
BRD-K65417056,0,1,0.4263,0.084431,0.36907,0.012954
BRD-K65456352,1,1,0.165415,0.012912,0.227833,-0.015855
BRD-K65541951,0,1,0.631884,0.308112,0.580607,0.245459
BRD-K65633533,0,1,0.267453,0.040377,0.304271,0.022576
BRD-K65790118,0,1,0.247784,0.106076,0.214925,0.00372
BRD-K65836281,1,1,0.409949,0.401444,0.53544,0.429821
BRD-K65851733,1,1,0.244338,0.096844,0.318922,0.052676
BRD-K65955264,0,1,0.593149,0.30404,0.636692,0.337751
BRD-K65981470,0,1,0.310755,0.089201,0.312776,0.029578
BRD-K65988431,0,1,0.285911,0.08399,0.244749,-0.001422
BRD-K66033125,0,1,0.426574,0.060664,0.426057,0.0262
BRD-K66052559,0,1,0.618157,0.354005,0.614865,0.278872
BRD-K66090100,0,1,0.328564,0.076616,0.432989,0.077123
BRD-K66093087,0,1,0.40274,0.087215,0.354134,0.013922
BRD-K66226084,0,1,0.436944,0.107695,0.460731,0.029229
BRD-K66299073,1,1,0.235122,0.062224,0.354987,0.039722
BRD-K66351990,0,1,0.218527,0.222579,0.174242,0.072198
BRD-K66361302,0,1,0.166872,0.047729,0.246058,0.015296
BRD-K66401835,0,1,0.225231,0.118745,0.363634,0.155116
BRD-K66480544,0,1,0.461282,0.099939,0.409222,0.032686
BRD-K66602457,0,1,0.493209,0.315183,0.386669,0.260725
BRD-K66621600,0,1,0.337511,0.039335,0.32747,-0.017334
BRD-K66634822,0,1,0.528884,0.116803,0.500368,0.068892
BRD-K66788707,0,1,0.272807,0.104865,0.416727,0.10342
BRD-K66808842,0,1,0.130583,0.064297,0.250845,0.043621
BRD-K66857089,0,1,0.387044,0.174857,0.325729,0.106287
BRD-K66860235,1,1,0.356094,0.165834,0.424388,0.169747
BRD-K66866904,0,1,0.203447,0.011087,0.286182,-0.009907
BRD-K66888355,0,1,0.209967,0.057893,0.278978,0.032604
BRD-K67013324,0,1,0.378645,0.070048,0.355886,0.03105
BRD-K67236950,0,1,0.531835,0.205876,0.549126,0.197287
BRD-K67240417,1,1,0.208474,0.068474,0.240741,0.071286
BRD-K67328514,0,1,0.227156,0.182742,0.270156,0.103535
BRD-K67335820,0,1,0.190442,0.041477,0.154499,-0.01628
BRD-K67352070,0,1,0.490532,0.084621,0.496974,0.073539
BRD-K67414432,0,1,0.202267,0.009963,0.249683,-0.007692
BRD-K67445247,0,1,0.416142,0.094309,0.354261,0.068047
BRD-K67514995,0,1,0.438076,0.11791,0.420784,0.089744
BRD-K67519589,0,1,0.05722,-0.004563,0.143954,-0.047633
BRD-K67680372,0,1,0.348852,0.067252,0.375421,0.032518
BRD-K67766243,1,1,0.166916,0.131409,0.290424,0.080047
BRD-K67771738,0,1,0.668969,0.257374,0.609874,0.280641
BRD-K67889001,0,1,0.319945,0.083164,0.389466,0.076545
BRD-K67944552,0,1,0.24582,0.067089,0.314799,-0.032306
BRD-K67977190,0,1,0.524083,0.118015,0.436851,0.064585
BRD-K68036990,0,1,0.29413,0.137371,0.353206,0.165693
BRD-K68095457,0,1,0.362056,0.080254,0.371569,0.00931
BRD-K68132782,0,1,0.394967,0.060088,0.437911,-0.003222
BRD-K68166950,0,1,0.260384,0.047092,0.350787,0.039551
BRD-K68205606,0,1,0.372197,0.089378,0.345463,-0.045453
BRD-K68208040,0,1,0.190119,0.067251,0.266749,-0.014656
BRD-K68211814,0,1,0.385221,0.021382,0.388529,0.022635
BRD-K68246261,0,1,0.293189,0.040214,0.337134,0.064408
BRD-K68279832,1,1,0.347709,0.089664,0.333788,0.035224
BRD-K68323967,0,1,0.407401,0.173673,0.524704,0.160706
BRD-K68325500,0,1,0.142073,0.055956,0.181355,0.031462
BRD-K68341547,0,1,0.431131,0.076263,0.360523,0.047618
BRD-K68368772,0,1,0.381668,0.052021,0.363422,0.026037
BRD-K68380056,0,1,0.380978,0.129565,0.287561,0.094082
BRD-K68402494,1,0,0.447021,0.089516,0.390048,0.030673
BRD-K68437527,0,1,0.227364,0.006088,0.366915,-0.026111
BRD-K68552135,1,1,0.570607,0.122296,0.541638,0.124047
BRD-K68687385,1,1,0.279536,0.092147,0.189166,-0.017101
BRD-K68765796,0,1,0.66222,0.12498,0.631776,0.021594
BRD-K68826049,0,1,0.339335,0.07287,0.287615,0.034342
BRD-K68863575,0,1,0.420606,0.114115,0.391407,0.057801
BRD-K68906258,0,1,0.246098,0.077371,0.47457,0.098806
BRD-K68937877,0,1,0.337147,0.099734,0.35031,0.085044
BRD-K69054398,0,1,0.565217,0.035758,0.516008,0.052448
BRD-K69097969,0,1,0.752665,0.484127,0.790912,0.585665
BRD-K69237309,0,1,0.327034,0.070819,0.330207,-0.004612
BRD-K69260336,0,1,0.219021,0.048942,0.218397,0.064297
BRD-K69306987,0,1,0.382551,0.049452,0.373211,0.015731
BRD-K69414416,0,1,0.095766,0.076804,0.364485,0.072572
BRD-K69449918,0,1,0.284555,0.108619,0.319355,0.029858
BRD-K69470111,0,1,0.294839,0.091473,0.315999,0.064895
BRD-K69598982,0,1,0.18279,0.00931,0.316024,0.001903
BRD-K69611470,0,1,0.293441,0.105467,0.308756,0.031974
BRD-K69672023,0,1,0.386185,0.118527,0.420654,0.055938
BRD-K69672581,0,1,0.195379,0.066807,0.293186,0.072478
BRD-K69696272,0,1,0.19162,0.174436,0.368802,0.14657
BRD-K69790925,0,1,0.369321,0.097721,0.389963,0.028288
BRD-K69812556,0,1,0.292413,0.097212,0.334867,-0.008907
BRD-K69837023,0,1,0.034506,0.147654,0.134057,0.102243
BRD-K69837166,0,1,0.485031,0.101243,0.412466,0.042431
BRD-K69947829,0,1,0.505039,0.154474,0.437921,0.156184
BRD-K69951274,0,1,0.21072,0.056199,0.29161,0.027868
BRD-K70016992,0,1,0.480481,0.12176,0.466822,0.12393
BRD-K70054078,0,1,0.727602,0.296669,0.609219,0.273139
BRD-K70072942,0,1,0.183892,0.126056,0.283129,0.069851
BRD-K70074151,0,1,0.354867,0.119335,0.370411,0.067711
BRD-K70086257,0,1,0.477181,0.075496,0.393836,0.036352
BRD-K70161581,0,1,0.530655,0.156658,0.547483,0.15864
BRD-K70229243,0,1,0.408425,0.148189,0.365242,0.057139
BRD-K70330256,0,1,0.269498,0.038542,0.303759,-0.001791
BRD-K70358157,0,1,0.490001,0.167061,0.424039,0.087153
BRD-K70397964,0,1,0.562871,0.150501,0.544761,0.223369
BRD-K70435062,1,1,0.226104,0.027075,0.248707,-0.021253
BRD-K70507123,0,1,0.42219,0.059515,0.520519,0.024192
BRD-K70511574,0,1,0.288222,0.082538,0.404713,0.075607
BRD-K70515009,0,1,0.323062,0.160681,0.297309,0.102758
BRD-K70590207,0,1,0.158807,0.014418,0.332053,-0.031639
BRD-K70633610,1,1,0.094708,0.090668,0.215045,0.029564
BRD-K70638773,0,1,0.190266,0.087563,0.255727,0.013107
BRD-K70658964,0,1,0.615708,0.068238,0.482645,0.010713
BRD-K70690367,0,1,0.306798,0.105339,0.361364,0.100576
BRD-K70797508,0,1,0.345155,0.063113,0.347571,0.03339
BRD-K70804088,0,1,0.30064,0.093813,0.309471,0.068742
BRD-K70900504,0,1,0.365957,0.090399,0.417936,0.057113
BRD-K70940447,0,1,0.415602,0.059488,0.385149,-0.024687
BRD-K71006572,1,1,0.334845,0.129118,0.350185,0.025698
BRD-K71059148,1,1,0.543344,0.137808,0.491107,0.073756
BRD-K71188711,0,1,0.616286,0.326972,0.679115,0.399259
BRD-K71205264,0,1,0.194848,0.069846,0.260663,0.033644
BRD-K71214345,0,1,0.473047,0.134686,0.332755,0.086351
BRD-K71225733,1,1,0.225321,0.165485,0.350142,0.163197
BRD-K71227259,1,0,0.215933,0.075573,0.290596,0.092491
BRD-K71334452,0,1,0.210353,0.062073,0.279571,0.046954
BRD-K71346068,0,1,0.35875,0.094951,0.357268,0.02813
BRD-K71404640,0,1,0.27501,0.02714,0.351153,0.020142
BRD-K71531260,0,1,0.261206,0.057662,0.272031,0.001538
BRD-K71550516,0,1,0.426254,0.182624,0.407173,0.296308
BRD-K71552321,0,1,0.361659,0.079214,0.295103,0.036437
BRD-K71555338,0,1,0.342501,0.090676,0.414488,0.130048
BRD-K71585748,0,1,0.344453,0.301519,0.349167,0.155206
BRD-K71590271,0,1,0.405601,0.080847,0.374165,0.020651
BRD-K71611609,0,1,0.603808,0.380964,0.621669,0.331671
BRD-K71612465,0,1,0.670836,0.243616,0.714468,0.288683
BRD-K71761800,0,1,0.637859,0.280531,0.641648,0.332319
BRD-K71781760,1,1,0.302216,0.143678,0.272412,-0.014794
BRD-K71839385,0,1,0.257704,0.201639,0.270119,0.09268
BRD-K71904020,0,1,0.15219,0.012501,0.313143,0.037412
BRD-K71932341,0,1,0.257116,0.046698,0.317618,0.01807
BRD-K72174974,0,1,0.098696,0.03557,0.294571,0.039425
BRD-K72199653,0,1,0.273471,0.085716,0.324315,0.096223
BRD-K72204100,0,1,0.093128,0.167297,0.184425,0.089409
BRD-K72516992,0,1,0.309969,0.063608,0.340639,0.052367
BRD-K72561299,0,1,0.909773,0.318221,0.85125,0.376679
BRD-K72624437,0,1,0.460075,0.071589,0.317216,0.001716
BRD-K72636868,0,1,0.248447,0.079733,0.203071,0.034503
BRD-K72726508,0,1,0.470295,0.108461,0.459541,0.112228
BRD-K72766058,0,1,0.364844,0.14455,0.417025,0.128413
BRD-K72780683,1,1,0.254045,0.06239,0.300042,0.035372
BRD-K72798501,0,1,0.454149,0.094053,0.40623,0.018595
BRD-K72913684,0,1,0.31883,0.068961,0.337344,0.005347
BRD-K72915114,0,1,0.071685,-0.029139,0.038842,-0.045587
BRD-K72993421,0,1,0.255667,0.076585,0.337297,0.061549
BRD-K73028742,0,1,0.390014,0.09204,0.363327,0.049463
BRD-K73096266,0,1,0.455513,0.310467,0.475905,0.247321
BRD-K73096789,0,1,0.193505,0.045563,0.264348,-0.009046
BRD-K73125384,0,1,0.498103,0.145708,0.378803,0.052784
BRD-K73146135,0,1,0.387196,0.035767,0.350729,0.043134
BRD-K73201151,0,1,0.759367,0.383826,0.693711,0.334702
BRD-K73205140,0,1,0.244771,0.011785,0.321184,-0.012698
BRD-K73290601,0,1,0.159141,0.121534,0.264657,-0.019572
BRD-K73310446,0,1,0.188312,0.072769,0.227378,0.044029
BRD-K73388776,0,1,0.307744,0.05203,0.350148,-0.00666
BRD-K73397362,0,1,0.279038,0.095047,0.293061,0.063291
BRD-K73589491,0,1,0.229019,0.066423,0.260529,0.037851
BRD-K73671483,0,1,-0.060569,0.080235,0.2081,0.128219
BRD-K73688688,0,1,0.347122,0.134693,0.320985,0.0994
BRD-K73871495,0,1,0.316549,0.123445,0.234733,0.061474
BRD-K73898073,0,1,0.539771,0.096908,0.504039,0.068237
BRD-K73945663,0,1,0.341216,0.211442,0.444388,0.192502
BRD-K74133369,0,1,0.514484,0.206602,0.525227,0.227652
BRD-K74152422,0,1,0.709602,0.146242,0.682446,0.155353
BRD-K74176882,0,1,0.604642,0.192059,0.603447,0.104821
BRD-K74248891,0,1,0.436335,0.094254,0.39925,0.040303
BRD-K74257705,0,1,0.214739,0.080736,0.280407,0.059377
BRD-K74287511,0,1,0.266898,0.04984,0.423048,0.010509
BRD-K74325648,0,1,0.445524,0.054381,0.498362,0.07481
BRD-K74338856,0,1,0.320029,0.174309,0.33502,0.080626
BRD-K74407269,0,1,0.240821,0.039128,0.323148,0.029424
BRD-K74429632,0,1,0.322525,0.062845,0.321372,0.050855
BRD-K74430258,0,1,0.472757,0.073442,0.400314,0.067676
BRD-K74495399,0,1,0.395916,0.101388,0.394248,0.076246
BRD-K74507776,0,1,0.306633,0.126346,0.336165,0.088705
BRD-K74546480,0,1,0.462042,0.230323,0.479323,0.167345
BRD-K74591286,0,1,0.337406,0.076372,0.382029,0.062582
BRD-K74606027,0,1,0.472554,0.10274,0.397651,0.094152
BRD-K74671783,0,1,0.325128,0.045668,0.389242,0.03667
BRD-K75081836,0,1,0.605091,0.31663,0.623264,0.364324
BRD-K75094920,1,1,0.329819,0.043399,0.315823,0.007165
BRD-K75234292,0,1,0.401689,0.205039,0.392315,0.149865
BRD-K75264577,0,1,0.322325,0.129637,0.316561,0.073197
BRD-K75302809,0,1,0.327356,0.158038,0.274491,0.091739
BRD-K75323473,0,1,0.39624,0.079744,0.339648,0.040468
BRD-K75371115,0,1,0.174233,0.066146,0.271268,0.008256
BRD-K75576199,0,1,0.227144,0.033344,0.264548,-0.03423
BRD-K75644678,0,1,0.377196,0.117093,0.319813,0.040616
BRD-K75666689,0,1,0.261211,0.023548,0.317238,-0.032823
BRD-K75710654,0,1,0.169341,0.072553,0.203678,0.070444
BRD-K75749796,0,1,0.708561,0.313617,0.703835,0.262291
BRD-K75843415,0,1,0.33403,0.135381,0.374872,0.078603
BRD-K75845944,0,1,0.413926,0.146048,0.372574,0.102311
BRD-K75912549,0,1,0.084034,0.009608,0.20411,0.030397
BRD-K75984692,0,1,0.300222,0.142925,0.271942,0.114284
BRD-K76097666,0,1,0.574952,0.111508,0.506946,0.063835
BRD-K76325726,0,1,0.313559,0.141387,0.291742,0.046391
BRD-K76425766,0,1,0.393324,0.210347,0.402182,0.167226
BRD-K76437403,1,1,0.34956,0.077631,0.282139,0.0087
BRD-K76485827,0,1,0.420734,0.127415,0.448729,-0.033207
BRD-K76587808,1,0,0.423573,0.083756,0.366977,0.027298
BRD-K76637414,0,1,0.297389,0.063941,0.370433,0.034874
BRD-K76723084,0,1,0.397443,0.105102,0.402685,0.070875
BRD-K76729250,0,1,0.256049,0.069678,0.337084,0.023167
BRD-K76825413,0,1,0.224628,0.08377,0.232332,0.050794
BRD-K76840893,0,1,0.581716,0.310388,0.627043,0.377883
BRD-K76872913,0,1,0.276751,0.127646,0.27841,0.094993
BRD-K76876037,0,1,0.33402,0.130701,0.27489,0.020215
BRD-K76882924,0,1,0.272519,0.050149,0.272766,0.021752
BRD-K76885481,0,1,0.255935,0.060597,0.291072,0.026296
BRD-K76896099,0,1,0.296758,0.059693,0.349857,0.078485
BRD-K76926998,0,1,0.500558,0.070008,0.394957,0.043825
BRD-K76933066,0,1,0.348455,0.137612,0.338695,0.111854
BRD-K76964878,0,1,0.26088,0.053312,0.258648,0.02035
BRD-K76996839,0,1,0.328569,0.097847,0.312194,-0.006849
BRD-K77106209,0,1,0.4339,0.026325,0.455132,0.016889
BRD-K77162730,0,1,0.259922,0.137514,0.337614,0.168953
BRD-K77221189,1,1,0.120039,0.045006,0.245362,0.019268
BRD-K77264230,0,1,0.609754,0.188102,0.583086,0.130049
BRD-K77273736,0,1,0.368448,0.167423,0.380119,0.122974
BRD-K77282409,0,1,0.187021,0.22763,0.278147,0.067771
BRD-K77317635,0,1,0.475353,0.184916,0.370478,0.127753
BRD-K77399257,0,1,0.552971,0.229085,0.528296,0.116028
BRD-K77480336,0,1,0.522368,0.197398,0.479925,0.182828
BRD-K77502932,0,1,0.316711,0.045733,0.37072,0.031477
BRD-K77545824,0,1,0.294824,0.118686,0.347427,0.081583
BRD-K77644960,0,1,0.317408,-0.019092,0.403447,0.047555
BRD-K77681376,1,0,0.842527,0.376308,0.797584,0.456372
BRD-K77741497,0,1,0.10531,0.010943,0.296455,-0.015443
BRD-K77762110,0,1,0.498163,0.086331,0.388128,0.024457
BRD-K77774562,0,1,0.311663,0.085668,0.304318,0.07683
BRD-K77789137,0,1,0.235478,0.082701,0.3171,0.063191
BRD-K77790153,0,1,0.424545,0.122126,0.418606,0.079657
BRD-K77876724,0,1,0.459536,0.121017,0.386538,0.067348
BRD-K78011385,0,1,0.083565,0.033563,0.288522,0.041611
BRD-K78094112,0,1,0.251178,0.083051,0.308156,0.074574
BRD-K78132017,0,1,0.407218,0.12108,0.294913,0.045422
BRD-K78268279,1,1,0.349707,0.040702,0.345988,0.013657
BRD-K78294846,0,1,0.442004,0.093318,0.393708,0.065951
BRD-K78481586,0,1,0.456538,0.218968,0.412121,0.188571
BRD-K78485176,0,1,0.397665,0.037265,0.487654,0.052786
BRD-K78599730,0,1,0.443526,0.163121,0.474897,0.23077
BRD-K78627754,0,1,0.292348,0.090852,0.367324,0.066851
BRD-K78636275,0,1,0.295129,0.08947,0.272049,0.043995
BRD-K78883024,0,1,0.53529,0.130953,0.432341,0.087591
BRD-K78918239,0,1,0.390142,0.109842,0.337316,0.044245
BRD-K78930611,0,1,0.518847,0.198618,0.471449,0.132998
BRD-K78961368,0,1,0.540977,0.114566,0.465144,0.012825
BRD-K78989575,1,1,0.350298,0.092234,0.262614,0.014317
BRD-K79001525,0,1,0.29699,0.070539,0.336314,0.053182
BRD-K79153888,0,1,0.313401,0.022231,0.42146,0.020046
BRD-K79184162,0,1,0.286416,0.062715,0.285695,0.000391
BRD-K79240958,0,1,0.375184,0.061024,0.318818,-0.004654
BRD-K79302166,0,1,0.234629,0.123573,0.250988,0.03503
BRD-K79367755,0,1,0.163788,0.057831,0.144395,-0.044703
BRD-K79410674,0,1,0.34735,0.084171,0.337133,0.066627
BRD-K79426639,0,1,0.36801,0.126517,0.366381,0.08231
BRD-K79435297,0,1,0.413735,0.152836,0.394363,0.043382
BRD-K79437423,0,1,0.353652,0.077142,0.404496,0.071082
BRD-K79491139,0,1,0.373425,0.126022,0.413591,0.096275
BRD-K79516068,0,1,0.245683,0.062912,0.277784,-0.019534
BRD-K79651181,0,1,0.260362,0.072619,0.306499,0.054151
BRD-K79750489,0,1,0.145592,-0.034038,0.281207,-0.091813
BRD-K79779816,0,1,0.345574,0.053302,0.27511,0.021331
BRD-K79841204,0,1,0.251116,0.040192,0.316882,0.058738
BRD-K79857601,0,1,0.452106,0.18404,0.402965,0.153848
BRD-K79968414,1,1,0.340988,0.09084,0.369399,0.02325
BRD-K79982586,0,1,-0.110438,0.116793,0.142958,0.133871
BRD-K79986209,0,1,0.245409,0.089192,0.285416,0.07892
BRD-K80000073,0,1,-0.008268,0.014881,0.143783,-0.061963
BRD-K80044001,0,1,0.301907,0.091226,0.341105,0.082053
BRD-K80058142,0,1,0.358577,0.106443,0.394376,0.066311
BRD-K80059205,0,1,0.353008,0.187367,0.434668,0.138549
BRD-K80223377,0,1,0.317824,0.090999,0.344354,0.098378
BRD-K80232076,0,1,0.411397,0.140216,0.385251,0.122664
BRD-K80313395,0,1,0.586677,0.091198,0.445557,0.015162
BRD-K80342168,0,1,0.194736,0.170217,0.351428,0.122644
BRD-K80431395,0,1,0.448726,0.187991,0.475345,0.193912
BRD-K80496944,0,1,0.197273,0.053197,0.304417,0.020544
BRD-K80503839,0,1,0.111141,0.074215,0.229953,0.040309
BRD-K80553643,0,1,0.311341,0.085826,0.356085,0.098253
BRD-K80597067,0,1,0.273068,0.05784,0.318023,0.009016
BRD-K80676896,0,1,0.499627,0.076853,0.467911,0.027598
BRD-K80723382,0,1,0.158739,0.086504,0.245609,0.025329
BRD-K80732408,0,1,0.246129,0.104527,0.207559,0.050781
BRD-K80749795,0,1,0.394292,0.088557,0.356905,0.052101
BRD-K80819715,0,1,-0.07938,0.066948,0.081008,0.11455
BRD-K80822897,0,1,0.522512,0.214463,0.500635,0.222105
BRD-K80890401,0,1,0.272595,0.068086,0.253712,0.024645
BRD-K80954162,0,1,0.176044,0.015801,0.297369,-0.00601
BRD-K80962769,0,1,0.536379,0.126717,0.446794,0.104207
BRD-K80998388,0,1,0.251779,0.105513,0.306891,0.101808
BRD-K81052803,0,1,0.361188,0.053802,0.322999,0.061644
BRD-K81112982,0,1,0.197209,0.083081,0.295119,0.067806
BRD-K81131579,0,1,0.299218,0.056119,0.343409,0.020399
BRD-K81144366,0,1,0.48396,0.069712,0.481133,0.016687
BRD-K81146041,0,1,0.266789,0.037936,0.371413,0.043807
BRD-K81214387,0,1,0.431049,0.146934,0.329897,0.088212
BRD-K81288057,1,1,0.117144,0.077162,0.232244,0.054454
BRD-K81365078,1,0,0.432337,0.102657,0.458024,0.10501
BRD-K81418486,0,1,0.679213,0.522127,0.698133,0.54866
BRD-K81438145,0,1,0.34215,0.022537,0.280302,-0.000981
BRD-K81514393,0,1,0.221095,0.101331,0.332436,0.099334
BRD-K81550430,0,1,0.31085,0.068648,0.324465,0.003706
BRD-K81605832,0,1,0.164733,0.078667,0.30108,0.121781
BRD-K81763433,0,1,0.486289,0.097657,0.324362,-0.020055
BRD-K81783531,0,1,0.447956,0.092763,0.338716,0.057942
BRD-K81793693,0,1,0.346496,0.055159,0.301934,0.019395
BRD-K81838897,0,1,0.307213,0.097207,0.347976,0.115966
BRD-K82041810,0,1,0.399323,0.076273,0.356614,0.034903
BRD-K82050323,0,1,0.287993,0.128997,0.41646,0.090225
BRD-K82062373,0,1,0.180159,0.105289,0.321319,0.087434
BRD-K82071478,0,1,0.282409,0.064504,0.285424,0.008318
BRD-K82110567,0,1,0.464949,0.046337,0.399672,0.00603
BRD-K82154894,1,1,0.31599,0.058754,0.412179,0.050555
BRD-K82166043,0,1,0.322731,0.087568,0.53966,0.041105
BRD-K82236179,0,1,0.337319,0.106102,0.566856,0.074249
BRD-K82435102,0,1,0.157807,0.007523,0.307994,-0.002788
BRD-K82524003,0,1,0.229768,0.04045,0.324961,0.008671
BRD-K82558986,1,1,0.290413,0.014303,0.306779,0.036969
BRD-K82560670,0,1,0.385845,0.1309,0.383689,0.094405
BRD-K82594686,0,1,0.172237,0.048169,0.262424,0.052345
BRD-K82761903,0,1,0.220373,0.092742,0.288837,0.060518
BRD-K82830100,0,1,0.399122,0.175855,0.383795,0.150844
BRD-K82869745,0,1,0.335406,0.097401,0.234375,-0.037327
BRD-K82882781,1,1,0.195726,0.098884,0.357197,0.083172
BRD-K82971429,0,1,0.499191,0.151969,0.464038,0.146094
BRD-K83121797,1,0,0.51289,0.128375,0.36076,0.099646
BRD-K83144676,0,1,0.450175,0.110613,0.433783,0.086093
BRD-K83183082,0,1,0.473527,0.080706,0.433298,0.060847
BRD-K83213280,1,0,0.363983,0.185093,0.370143,0.137524
BRD-K83344091,1,1,0.234883,0.134662,0.256071,0.134199
BRD-K83395537,1,0,0.382962,0.15798,0.273029,0.03209
BRD-K83431831,0,1,0.376337,0.005875,0.409284,-0.037823
BRD-K83600073,0,1,0.199939,0.04969,0.189356,-0.057999
BRD-K83620070,1,1,0.309028,0.137249,0.329751,0.13725
BRD-K83675132,0,1,0.308534,0.09936,0.347161,0.0854
BRD-K83705009,0,1,0.194783,0.081672,0.282834,0.043409
BRD-K83756286,0,1,0.435521,0.062217,0.335565,0.012252
BRD-K83826027,0,1,0.242149,0.05587,0.417624,0.035469
BRD-K84078621,0,1,0.378132,0.097015,0.363939,0.019312
BRD-K84098240,0,1,0.56651,0.194337,0.521544,0.130972
BRD-K84175871,0,1,0.344487,0.076802,0.340546,0.036634
BRD-K84277608,0,1,0.483996,0.145889,0.400305,0.128563
BRD-K84307821,0,1,0.298686,0.181167,0.295936,0.111704
BRD-K84331602,0,1,0.11965,-0.024519,0.175169,-0.064033
BRD-K84449870,0,1,0.351273,0.082083,0.408914,0.059718
BRD-K84468307,0,1,0.269845,0.069233,0.350966,0.051823
BRD-K84522516,0,1,0.158564,0.084273,0.189354,0.023165
BRD-K84566043,0,1,0.490796,0.151953,0.367737,0.046862
BRD-K84625203,0,1,0.285215,0.037624,0.321587,0.014411
BRD-K84705102,0,1,0.317698,0.085224,0.369943,0.066954
BRD-K84895041,0,1,0.476124,0.201339,0.4908,0.213851
BRD-K84924563,0,1,0.42824,0.129643,0.410927,0.139174
BRD-K85102293,0,1,0.716235,0.133186,0.63282,0.103226
BRD-K85158753,0,1,0.396005,0.17887,0.183611,0.111854
BRD-K85433055,0,1,0.332068,0.09758,0.324386,0.030249
BRD-K85565420,0,1,0.711735,0.506686,0.618124,0.439845
BRD-K85656047,0,1,0.374016,0.120024,0.418866,0.118151
BRD-K85694079,0,1,0.253804,0.032821,0.224137,0.027173
BRD-K85727265,0,1,0.57011,0.122984,0.502292,0.134376
BRD-K85769686,0,1,0.179236,0.02929,0.301729,-0.000322
BRD-K85770991,0,1,0.747967,0.164999,0.705341,0.242503
BRD-K85802361,0,1,0.246488,0.096421,0.272493,0.062769
BRD-K85861721,0,1,0.286995,0.136601,0.363657,0.173838
BRD-K85865817,0,1,0.241811,0.076366,0.296437,-0.016745
BRD-K85886293,0,1,0.231831,0.017446,0.362043,0.0442
BRD-K85903480,0,1,0.469098,0.128547,0.376893,0.07409
BRD-K85906476,0,1,0.24346,0.067871,0.299014,0.016932
BRD-K86003836,0,1,0.58052,0.341843,0.557161,0.349619
BRD-K86011921,0,1,0.184956,0.097762,0.283811,0.105863
BRD-K86027709,0,1,0.499418,0.264783,0.539185,0.263798
BRD-K86112430,1,1,0.210641,0.03222,0.27361,0.010507
BRD-K86182839,0,1,0.336451,0.236036,0.488279,0.290706
BRD-K86217247,0,1,0.496075,0.111744,0.428722,0.078101
BRD-K86448961,0,1,0.162588,0.031296,0.182289,-0.001301
BRD-K86466947,0,1,0.569277,0.07762,0.471763,0.090418
BRD-K86524553,0,1,0.408948,0.174779,0.336182,0.089739
BRD-K86546828,1,1,0.402797,0.103789,0.360964,0.076808
BRD-K86570333,0,1,0.662596,0.143935,0.517654,0.084642
BRD-K86621086,0,1,0.234466,0.043697,0.3104,0.027342
BRD-K86638751,0,1,0.457967,0.22404,0.541512,0.270426
BRD-K86719628,0,1,0.410854,0.045815,0.390783,-0.01439
BRD-K86741607,0,1,0.315374,0.006758,0.188677,-0.076231
BRD-K86786416,0,1,0.203331,0.095739,0.248597,0.015374
BRD-K86843304,0,1,0.413849,0.087069,0.264857,0.014339
BRD-K86846131,0,1,0.375367,0.152179,0.354511,0.088922
BRD-K86986466,0,1,0.218356,0.160191,0.21296,0.037991
BRD-K87049188,0,1,0.507688,0.110419,0.42853,0.065062
BRD-K87070823,0,1,0.38822,0.194214,0.421688,0.090018
BRD-K87089311,0,1,0.166956,0.105826,0.298488,-0.008378
BRD-K87113270,0,1,0.30875,0.079687,0.260498,-0.00544
BRD-K87313043,0,1,0.412925,0.072039,0.384783,0.041249
BRD-K87371039,0,1,0.412133,0.127087,0.37242,0.049282
BRD-K87377799,0,1,0.099248,0.03502,0.258969,0.05866
BRD-K87458009,0,1,0.361361,0.077387,0.329832,0.039336
BRD-K87592402,0,1,0.263619,0.083934,0.246917,0.079288
BRD-K87878159,0,1,0.687098,0.308135,0.70098,0.322174
BRD-K87927861,0,1,0.368833,0.110379,0.340237,0.060083
BRD-K88008216,0,1,0.323207,0.067969,0.322514,0.038527
BRD-K88078052,0,1,0.223845,0.06687,0.338506,0.037553
BRD-K88092133,0,1,0.310221,0.108513,0.353402,0.072616
BRD-K88099061,0,1,0.367893,0.067297,0.383993,0.040491
BRD-K88172511,0,1,0.325233,0.074307,0.434878,0.057582
BRD-K88195243,0,1,0.227053,0.057638,0.234091,0.028842
BRD-K88239034,0,1,0.171514,0.023703,0.241177,-0.016794
BRD-K88281008,0,1,0.210884,0.038482,0.251515,0.006841
BRD-K88311084,0,1,0.324802,0.136905,0.307686,0.0478
BRD-K88352433,0,1,0.197407,0.048243,0.217493,-0.032212
BRD-K88361133,0,1,0.350029,0.093811,0.34376,-0.004257
BRD-K88376874,0,1,0.357942,0.120366,0.290227,0.040734
BRD-K88378636,0,1,0.811407,0.527239,0.799615,0.516324
BRD-K88385750,1,1,0.187468,0.059102,0.249311,0.000228
BRD-K88392283,0,1,0.387732,0.109339,0.405995,0.083821
BRD-K88556033,0,1,0.295542,0.037454,0.33295,0.022767
BRD-K88569143,0,1,0.465022,0.109483,0.397929,0.078947
BRD-K88602713,0,1,0.193335,0.105607,0.241314,0.078805
BRD-K88617912,0,1,0.197078,0.093513,0.272262,0.037055
BRD-K88622704,0,1,0.503049,0.193433,0.532141,0.194268
BRD-K88647644,0,1,0.441547,0.184489,0.519624,0.163206
BRD-K88668992,0,1,0.557463,0.129848,0.454521,0.101573
BRD-K88701555,0,1,0.385463,0.096442,0.365851,0.037764
BRD-K88707333,0,1,0.543049,0.396227,0.639296,0.480669
BRD-K88822846,0,1,0.238749,0.06201,0.332714,0.041258
BRD-K88844437,0,1,0.487657,0.166315,0.403295,0.142724
BRD-K88849270,0,1,0.260354,0.215025,0.234522,0.113786
BRD-K88866336,0,1,0.503486,0.140911,0.430663,0.154865
BRD-K88868628,0,1,0.577313,0.223818,0.522319,0.262944
BRD-K88906571,0,1,0.425774,0.122497,0.384091,0.061064
BRD-K88943141,0,1,0.308482,0.033303,0.397283,-0.014163
BRD-K88961159,1,1,0.335549,0.063019,0.35692,0.068987
BRD-K88965984,0,1,0.513511,0.076152,0.497619,0.027167
BRD-K89020690,1,1,0.222593,0.053554,0.319851,-0.00198
BRD-K89029303,1,1,0.386052,0.170418,0.353194,0.083663
BRD-K89046952,0,1,0.447475,0.077852,0.385917,0.029438
BRD-K89109315,0,1,0.177152,0.124476,0.304781,0.031376
BRD-K89122173,0,1,0.436854,0.076691,0.386414,0.045195
BRD-K89144371,1,1,0.311906,0.151871,0.36385,0.112894
BRD-K89210380,0,1,0.436156,0.15676,0.429293,0.123868
BRD-K89271983,0,1,0.353949,0.053923,0.349965,0.016103
BRD-K89298751,0,1,0.118416,0.053294,0.262343,0.001848
BRD-K89321975,0,1,0.378286,0.090087,0.403534,0.025884
BRD-K89364593,0,1,0.149771,0.065875,0.254134,0.009871
BRD-K89388769,0,1,0.722675,0.168104,0.637188,0.158672
BRD-K89406814,0,1,0.366986,0.075408,0.368201,-0.003
BRD-K89486464,1,0,0.443163,0.111772,0.358638,0.084477
BRD-K89491100,0,1,0.363328,0.039666,0.346914,-0.029817
BRD-K89606138,0,1,0.318569,0.103529,0.253226,0.037742
BRD-K89679058,0,1,0.185372,0.029158,0.253217,-0.051752
BRD-K89682702,0,1,0.205474,0.051998,0.285788,0.00533
BRD-K89699317,0,1,0.283567,0.114005,0.316538,0.115307
BRD-K89712338,0,1,0.262252,0.101314,0.283258,0.05442
BRD-K89793492,0,1,0.415369,0.077098,0.434976,0.108246
BRD-K89923877,0,1,0.355919,0.074169,0.364274,0.05926
BRD-K89986699,0,1,0.337513,0.071409,0.34094,0.048996
BRD-K90045406,1,1,0.230953,0.121279,0.329569,0.074705
BRD-K90108753,0,1,0.300082,0.187293,0.210315,0.163459
BRD-K90143908,0,1,0.219899,0.093008,0.255614,0.025146
BRD-K90163207,0,1,0.453545,0.087284,0.529827,0.036373
BRD-K90417358,0,1,0.248553,0.045897,0.304008,0.008288
BRD-K90562112,0,1,0.631798,0.292618,0.495524,0.327516
BRD-K90601358,0,1,0.476462,0.126876,0.47672,0.180606
BRD-K90613621,0,1,0.303774,0.171642,0.207621,0.043067
BRD-K90630790,0,1,0.296072,0.065662,0.34527,0.038243
BRD-K90665148,0,1,0.444376,0.107633,0.244759,0.026013
BRD-K90697689,0,1,0.614432,0.091185,0.551866,0.006985
BRD-K90702747,0,1,0.151771,0.05521,0.175914,-0.002173
BRD-K90733601,0,1,0.294609,0.058092,0.280589,0.011115
BRD-K90848748,0,1,0.279641,0.136698,0.49284,0.116577
BRD-K90849765,1,0,0.350169,0.089189,0.378534,0.071019
BRD-K91134378,0,1,0.516814,0.171835,0.503277,0.153784
BRD-K91156247,0,1,0.245623,0.052501,0.29065,-0.004586
BRD-K91292927,0,1,0.204536,0.034382,0.304049,0.003717
BRD-K91351577,0,1,0.458385,0.131992,0.355961,0.082747
BRD-K91353140,0,1,0.14148,0.090702,0.121714,0.081394
BRD-K91485395,0,1,0.383525,0.053601,0.329183,0.026224
BRD-K91572503,0,1,0.311004,0.022709,0.223117,0.011073
BRD-K91684468,0,1,0.144068,0.005136,0.230817,0.040596
BRD-K91701366,0,1,0.467847,0.133236,0.412289,0.090341
BRD-K91730835,0,1,0.258532,0.100874,0.279033,0.042258
BRD-K91738126,0,1,0.200836,0.093044,0.20562,0.046785
BRD-K91758467,0,1,0.315119,0.094715,0.363321,0.096969
BRD-K91809691,0,1,0.389649,0.042573,0.450548,0.023947
BRD-K91811806,1,1,0.196752,0.040973,0.352323,0.017419
BRD-K91833864,0,1,0.278494,0.10836,0.237613,0.045389
BRD-K91834385,0,1,0.394771,0.053326,0.410153,0.031286
BRD-K91836367,0,1,0.355415,0.089948,0.355674,0.067569
BRD-K91850687,0,1,0.15214,0.020567,0.264146,-0.042663
BRD-K91937579,0,1,0.46736,0.160535,0.420243,0.141722
BRD-K91960538,0,1,0.433719,0.151538,0.449116,0.06121
BRD-K92000912,0,1,0.430202,0.088626,0.445571,0.03549
BRD-K92107474,0,1,0.466754,0.128369,0.429792,0.08496
BRD-K92202821,0,1,0.496594,0.149293,0.494706,0.150552
BRD-K92208021,1,1,0.114963,0.043159,0.251616,-0.037766
BRD-K92219497,0,1,0.327247,0.138859,0.364687,0.1106
BRD-K92232855,0,1,0.379322,0.097684,0.346365,0.028339
BRD-K92370559,0,1,0.363825,0.217847,0.453119,0.281182
BRD-K92419424,0,1,0.292254,0.102811,0.296472,0.062305
BRD-K92492521,0,1,0.488106,0.166764,0.38995,0.096445
BRD-K92498491,0,1,0.49677,0.121423,0.429583,0.119088
BRD-K92656786,0,1,0.31739,0.117622,0.334273,0.072726
BRD-K92707657,0,1,0.293283,0.065124,0.313672,0.011627
BRD-K92740670,1,1,0.175283,0.041904,0.311936,0.034658
BRD-K92754298,0,1,0.284123,0.085917,0.317292,0.053245
BRD-K92770212,0,1,0.524815,0.209893,0.476489,0.114509
BRD-K92793917,0,1,0.595893,0.092294,0.577472,0.029233
BRD-K92817986,0,1,0.390166,0.111511,0.419552,0.099967
BRD-K92847204,0,1,0.393475,0.117958,0.375613,0.068757
BRD-K92884627,0,1,0.15863,0.022046,0.292696,-0.013993
BRD-K92895207,0,1,0.433874,0.167879,0.433897,0.135655
BRD-K92912836,0,1,0.40251,0.048461,0.409598,0.039761
BRD-K92967637,0,1,0.326788,0.041913,0.351422,0.010318
BRD-K92977333,0,1,0.408884,0.155373,0.384158,0.056502
BRD-K92986986,0,1,-0.05972,0.060591,0.210918,-0.012614
BRD-K93080877,0,1,0.508417,0.178267,0.508819,0.182923
BRD-K93081895,0,1,0.174171,0.052366,0.189968,0.003578
BRD-K93109423,0,1,0.636663,0.143372,0.597436,0.211866
BRD-K93157782,0,1,0.274262,0.046262,0.326674,0.048389
BRD-K93176058,0,1,0.249627,0.050099,0.266892,0.011587
BRD-K93177490,0,1,0.050577,0.0123,0.153314,0.056011
BRD-K93229693,0,1,0.416767,0.122332,0.428814,0.084203
BRD-K93285993,1,1,0.029165,0.020338,0.204721,0.020668
BRD-K93330237,0,1,0.261523,0.095501,0.289419,0.043078
BRD-K93331292,0,1,0.378698,0.138181,0.398751,0.074367
BRD-K93338495,0,1,0.259492,0.057622,0.302328,-0.000726
BRD-K93376546,0,1,0.281208,0.037943,0.344757,0.027543
BRD-K93494062,0,1,-0.019391,0.133139,0.18154,0.019191
BRD-K93524252,0,1,0.509954,0.175986,0.39594,0.089192
BRD-K93538891,0,1,0.348587,0.047991,0.344064,0.011744
BRD-K93612606,0,1,0.216112,0.102085,0.256812,0.066008
BRD-K93623501,0,1,0.566012,0.203335,0.527064,0.169521
BRD-K93680063,0,1,0.372874,0.242965,0.480782,0.309527
BRD-K93713304,0,1,0.394579,0.260392,0.426253,0.190026
BRD-K93763482,0,1,0.316512,0.108886,0.283042,0.028366
BRD-K93944867,0,1,0.15344,0.038071,0.236895,0.029638
BRD-K94127894,0,1,0.414154,0.071017,0.420594,0.072271
BRD-K94139496,0,1,0.236185,0.115883,0.250246,-0.020525
BRD-K94223259,0,1,0.562362,0.060519,0.471228,0.05539
BRD-K94224651,0,1,0.363761,0.129188,0.37123,0.061349
BRD-K94296811,0,1,0.438903,0.116616,0.40802,0.065379
BRD-K94303022,0,1,0.272519,0.059122,0.305579,-0.002331
BRD-K94373667,0,1,0.320705,0.106651,0.29679,0.101571
BRD-K94509791,0,1,0.21488,0.082129,0.338244,0.089176
BRD-K94516855,0,1,0.25318,0.068376,0.328783,0.05802
BRD-K94544211,0,1,0.346904,0.141136,0.390197,0.155209
BRD-K94557542,0,1,0.231617,0.069038,0.333827,0.052997
BRD-K94585132,0,1,0.173369,0.04511,0.270934,0.008035
BRD-K94694331,0,1,0.446281,0.100784,0.475728,0.121415
BRD-K94734308,0,1,0.279108,0.072297,0.255298,0.003871
BRD-K94778363,0,1,0.109455,0.079118,0.296372,0.036904
BRD-K94848716,0,1,0.655545,0.105118,0.461854,0.036243
BRD-K94919853,0,1,0.426409,0.150734,0.389287,0.09156
BRD-K94940283,0,1,0.278702,0.110604,0.386457,0.110629
BRD-K94979678,0,1,0.145274,0.014314,0.285581,-0.02634
BRD-K95208083,0,1,0.317189,0.033423,0.42834,0.036977
BRD-K95246884,0,1,0.284263,0.017311,0.199629,-0.098309
BRD-K95269843,0,1,0.185177,0.037324,0.275657,0.047736
BRD-K95284932,0,1,0.232345,0.027832,0.229483,-0.035714
BRD-K95328825,0,1,0.366559,0.046379,0.351377,0.048183
BRD-K95337198,0,1,0.532635,0.151434,0.47082,0.112275
BRD-K95352879,0,1,0.288182,0.123253,0.33347,0.07453
BRD-K95361366,0,1,0.317912,0.106199,0.348907,0.060232
BRD-K95434109,0,1,0.076707,0.023115,0.194302,0.020691
BRD-K95488294,0,1,0.553485,0.00642,0.510707,-0.165591
BRD-K95518555,0,1,0.288111,0.061999,0.309623,0.047201
BRD-K95650611,1,1,0.370316,0.070902,0.371267,0.074873
BRD-K95795676,0,1,0.465815,0.105223,0.402042,0.038494
BRD-K95808480,0,1,0.501268,0.116883,0.495953,0.129854
BRD-K95815724,0,1,0.682528,-0.010156,0.572458,-0.011812
BRD-K95838867,0,1,0.202745,0.015981,0.21326,0.008719
BRD-K95847244,0,1,0.704885,0.132202,0.573579,0.063604
BRD-K95858622,0,1,0.416504,0.205401,0.397295,0.131766
BRD-K95901403,0,1,0.409723,0.080159,0.471181,0.076779
BRD-K95951626,0,1,0.545365,0.127669,0.469211,0.251004
BRD-K95992530,0,1,0.406983,0.104109,0.327863,0.042696
BRD-K96006502,0,1,0.33581,0.15318,0.370266,0.165009
BRD-K96077293,0,1,0.220482,0.082391,0.27422,0.06892
BRD-K96079261,1,1,0.123877,0.100716,0.30454,0.054412
BRD-K96098018,0,1,0.233652,0.123513,0.250448,0.050157
BRD-K96147838,0,1,0.554763,0.137561,0.530716,0.150336
BRD-K96390176,1,1,0.307699,0.216256,0.380255,0.204561
BRD-K96411295,1,0,0.484375,0.192389,0.380125,0.137904
BRD-K96527333,1,1,0.348004,0.06271,0.342071,0.019943
BRD-K96586144,0,1,0.156984,0.057736,0.192,-0.012869
BRD-K96634415,0,1,0.496252,0.074655,0.425746,0.035482
BRD-K96635690,0,1,0.361174,0.094818,0.307769,0.026622
BRD-K96646082,0,1,0.301381,0.024003,0.304902,-0.005588
BRD-K96659869,0,1,0.378784,0.210802,0.259704,0.089857
BRD-K96697180,0,1,0.445924,0.107149,0.414768,0.0473
BRD-K96740880,0,1,0.568126,0.121026,0.469723,0.064572
BRD-K96741939,0,1,0.275985,0.144625,0.28177,0.111763
BRD-K96743424,0,1,0.274522,0.179313,0.225049,0.165806
BRD-K96745884,0,1,0.41095,0.024031,0.409742,-0.038349
BRD-K96778649,0,1,0.424886,0.084101,0.395998,0.016876
BRD-K96797558,0,1,0.420117,0.075035,0.390714,0.06588
BRD-K96809896,1,0,0.506153,0.099155,0.475232,0.104969
BRD-K96839003,0,1,0.278939,0.142993,0.276895,0.147516
BRD-K97045029,0,1,0.261476,0.005763,0.180273,-0.05103
BRD-K97045804,0,1,0.425908,0.101205,0.503263,0.131709
BRD-K97112539,0,1,0.039135,0.019788,0.319794,0.008071
BRD-K97163189,0,1,0.529222,0.086096,0.508155,-0.012726
BRD-K97166443,0,1,0.365862,0.136294,0.298299,0.042488
BRD-K97175782,0,1,0.296801,0.116522,0.303275,0.075799
BRD-K97255584,0,1,0.392074,0.072453,0.340529,0.072876
BRD-K97307478,0,1,0.221242,0.202787,0.22955,0.125054
BRD-K97365803,0,1,0.668482,0.2943,0.651988,0.319988
BRD-K97440728,0,1,0.251019,0.043398,0.253787,-0.081722
BRD-K97476371,0,1,0.433025,0.151384,0.387965,0.099778
BRD-K97633445,0,1,0.324062,0.06148,0.3831,0.068702
BRD-K97636821,1,1,0.106259,0.089307,0.29408,0.127405
BRD-K97671879,0,1,0.236844,0.041828,0.393724,0.033178
BRD-K97701319,0,1,0.437874,0.10879,0.403516,0.065156
BRD-K97722864,0,1,0.352112,0.073032,0.323552,0.026595
BRD-K97727749,1,1,0.26675,0.078495,0.264141,0.029004
BRD-K97781791,0,1,0.406586,0.162782,0.362969,0.083545
BRD-K97863768,0,1,0.393243,0.092939,0.39488,0.052906
BRD-K97910278,0,1,0.155798,0.0479,0.194942,-0.009476
BRD-K97925203,0,1,0.335115,0.186075,0.292348,0.151466
BRD-K97955841,0,1,0.516895,0.073177,0.488599,0.024387
BRD-K97981711,0,1,0.270039,0.120344,0.309793,0.05115
BRD-K98054202,0,1,0.322629,0.063701,0.352758,0.061973
BRD-K98113345,0,1,0.160609,0.055182,0.241986,-0.011941
BRD-K98143437,0,1,0.238076,0.074058,0.342617,0.069678
BRD-K98170574,0,1,0.300389,0.101846,0.305761,0.043782
BRD-K98195492,0,1,0.397632,0.252051,0.273924,0.128206
BRD-K98196975,1,1,0.285277,0.121225,0.399504,0.099628
BRD-K98321674,0,1,0.369812,0.128109,0.379356,0.075985
BRD-K98336812,0,1,0.684903,0.179383,0.556788,0.121548
BRD-K98546361,0,1,0.442874,0.097893,0.438594,0.061542
BRD-K98611274,0,1,0.019766,-0.116638,0.422977,-0.091107
BRD-K98667932,0,1,0.11413,0.027431,0.241576,0.015367
BRD-K98783629,0,1,0.298267,0.06511,0.328135,0.019354
BRD-K98833727,0,1,0.346274,0.19074,0.380649,0.075276
BRD-K98896788,0,1,0.331707,0.053946,0.369803,0.034545
BRD-K98956791,0,1,0.410485,0.07691,0.344544,0.016059
BRD-K98968761,0,1,0.178699,0.086996,0.311815,0.090985
BRD-K98988337,0,1,0.315671,0.118301,0.339826,0.08509
BRD-K98990727,1,1,0.330648,0.068265,0.32685,0.024331
BRD-K98998964,0,1,0.51338,0.254,0.537821,0.211602
BRD-K99159184,0,1,0.601461,0.254629,0.552231,0.22792
BRD-K99188848,0,1,0.350928,0.085215,0.387532,0.099451
BRD-K99291625,0,1,0.420959,0.076003,0.391904,0.053185
BRD-K99306975,0,1,0.398667,0.080758,0.314883,-0.01266
BRD-K99307487,0,1,0.21139,0.089409,0.254339,0.054273
BRD-K99310510,0,1,0.353224,0.097961,0.322166,0.0434
BRD-K99335646,0,1,0.289386,0.094731,0.32735,0.091312
BRD-K99339232,0,1,0.683511,0.213652,0.652295,0.149651
BRD-K99380810,0,1,0.16598,0.038951,0.211915,0.009055
BRD-K99433267,0,1,0.373684,0.079873,0.348853,0.051585
BRD-K99495107,0,1,0.468638,0.083515,0.26845,-0.064755
BRD-K99605820,0,1,0.402726,0.176753,0.354024,0.115484
BRD-K99616396,0,1,0.387992,0.069901,0.398515,0.055084
BRD-K99633760,1,1,0.302496,0.051549,0.380247,0.077298
BRD-K99718824,1,1,0.331612,0.077258,0.342349,0.083795
BRD-K99775299,0,1,0.567146,0.16027,0.577399,-0.000709
BRD-K99880843,0,1,0.121944,0.0244,0.253751,0.052854
BRD-K99994453,0,1,0.217955,0.073905,0.329439,0.095774
BRD-M16214895,0,1,0.378175,0.075516,0.328715,0.01577
BRD-M18219129,0,1,0.607634,0.13409,0.539138,0.126055
BRD-M22422412,0,1,0.343596,0.274179,0.353922,0.176827
BRD-M41154708,0,1,0.873038,0.317764,0.84644,0.326012
BRD-M45755366,0,1,0.330763,0.058148,0.33211,-0.02625
BRD-M54814689,1,1,0.43079,0.225443,0.360177,0.184114
BRD-M58317392,0,1,0.490238,0.104174,0.439467,0.022439
BRD-M60886831,0,1,0.59321,0.215047,0.670846,0.272728
BRD-M72681210,0,1,0.498729,0.118698,0.445317,0.015258
BRD-M74254599,0,1,0.358392,0.132555,0.271462,0.081125
BRD-M76969896,0,1,0.196771,0.206138,0.265986,0.163765
BRD-M88256629,0,1,0.398682,0.125797,0.414969,0.073144
BRD-M98484762,0,1,0.42863,0.164067,0.377036,0.103734
